cross_ID,block,female_line,first_male,second_male,donor_males,cross_type,treatment,collect_female,collect_male_1,collect_male_2,set_up_date_1,set_up_date_2,set_up_time,before_remating,P1_1,P2_1,P1_2,P2_2,P1_3,P2_3,P1_total,P2_total,total,P2,died,remated
1,1,A7_Taiwan,mel_GFP,A7_Taiwan,yak_S09_L38,TT,treatment,7-Dec,2-Dec,4-Dec,9-Dec,11-Dec,11:42,9,15,6,22,15,6,4,43,25,68,0.367647059,N,Y
2,1,B7_Malaysia,mel_GFP,A7_Taiwan,A7_Taiwan,MT,control,7-Dec,2-Dec,4-Dec,9-Dec,11-Dec,11:42,NA,NA,NA,NA,NA,NA,NA,NA,NA,NA,NA,Y,NA
3,1,B7_Malaysia,mel_GFP,A7_Taiwan,yak_S09_L38,MT,treatment,7-Dec,2-Dec,4-Dec,9-Dec,11-Dec,11:42,NA,NA,NA,NA,NA,NA,NA,NA,NA,NA,NA,Y,NA
4,1,B7_Malaysia,mel_GFP,B7_Malaysia,yak_S09_L38,MM,treatment,7-Dec,2-Dec,4-Dec,9-Dec,11-Dec,11:42,37,29,6,30,15,21,11,80,32,112,0.285714286,N,Y
5,1,A7_Taiwan,mel_GFP,B7_Malaysia,yak_S09_L38,TM,treatment,7-Dec,2-Dec,4-Dec,9-Dec,11-Dec,11:42,6,24,0,39,0,15,0,78,0,78,0,N,N
6,1,B7_Malaysia,mel_GFP,B7_Malaysia,B7_Malaysia,MM,control,7-Dec,2-Dec,4-Dec,9-Dec,11-Dec,11:42,NA,NA,NA,NA,NA,NA,NA,NA,NA,NA,NA,Y,NA
7,1,B7_Malaysia,mel_GFP,A7_Taiwan,A7_Taiwan,MT,control,7-Dec,2-Dec,4-Dec,9-Dec,11-Dec,11:42,35,7,34,3,40,0,30,10,104,114,0.912280702,N,Y
8,1,B7_Malaysia,mel_GFP,B7_Malaysia,B7_Malaysia,MM,control,7-Dec,2-Dec,4-Dec,9-Dec,11-Dec,11:42,NA,NA,NA,NA,NA,NA,NA,NA,NA,NA,NA,Y,NA
9,1,A7_Taiwan,mel_GFP,A7_Taiwan,A7_Taiwan,TT,control,7-Dec,2-Dec,4-Dec,9-Dec,11-Dec,11:42,17,7,15,2,18,0,13,9,46,55,0.836363636,N,Y
10,1,A7_Taiwan,mel_GFP,B7_Malaysia,B7_Malaysia,TM,control,7-Dec,2-Dec,4-Dec,9-Dec,11-Dec,11:42,13,17,0,19,0,7,0,43,0,43,0,N,N
11,1,B7_Malaysia,mel_GFP,B7_Malaysia,yak_S09_L38,MM,treatment,7-Dec,2-Dec,4-Dec,9-Dec,11-Dec,11:42,20,33,0,31,0,26,0,90,0,90,0,N,N
12,1,A7_Taiwan,mel_GFP,B7_Malaysia,B7_Malaysia,TM,control,7-Dec,2-Dec,4-Dec,9-Dec,11-Dec,11:42,12,31,4,25,3,17,1,73,8,81,0.098765432,N,Y
13,1,A7_Taiwan,mel_GFP,B7_Malaysia,yak_S09_L38,TM,treatment,7-Dec,2-Dec,4-Dec,9-Dec,11-Dec,11:42,16,1,0,26,0,5,0,32,0,32,0,N,N
14,1,A7_Taiwan,mel_GFP,A7_Taiwan,A7_Taiwan,TT,control,7-Dec,2-Dec,4-Dec,9-Dec,11-Dec,11:42,0,1,12,6,17,1,6,8,35,43,0.813953488,N,Y
15,1,A7_Taiwan,mel_GFP,A7_Taiwan,yak_S09_L38,TT,treatment,7-Dec,2-Dec,4-Dec,9-Dec,11-Dec,11:42,13,11,0,19,0,7,0,37,0,37,0,N,N
16,1,B7_Malaysia,mel_GFP,A7_Taiwan,yak_S09_L38,MT,treatment,7-Dec,2-Dec,4-Dec,9-Dec,11-Dec,11:42,32,0,38,0,44,0,21,0,103,103,1,N,Y
17,2,A7_Taiwan,mel_GFP,B7_Malaysia,B7_Malaysia,TM,control,14-Dec,9-Dec,11-Dec,16-Dec,18-Dec,12:18,4,13,2,42,20,23,14,78,36,114,0.315789474,N,Y
18,2,B7_Malaysia,mel_GFP,A7_Taiwan,yak_S09_L38,MT,treatment,14-Dec,9-Dec,11-Dec,16-Dec,18-Dec,12:18,4,29,0,35,0,30,0,94,0,94,0,N,N
19,2,B7_Malaysia,mel_GFP,B7_Malaysia,B7_Malaysia,MM,control,14-Dec,9-Dec,11-Dec,16-Dec,18-Dec,12:18,NA,NA,NA,NA,NA,NA,NA,NA,NA,NA,NA,Y,NA
20,2,B7_Malaysia,mel_GFP,A7_Taiwan,yak_S09_L38,MT,treatment,14-Dec,9-Dec,11-Dec,16-Dec,18-Dec,12:18,NA,NA,NA,NA,NA,NA,NA,NA,NA,NA,NA,Y,NA
21,2,A7_Taiwan,mel_GFP,B7_Malaysia,B7_Malaysia,TM,control,14-Dec,9-Dec,11-Dec,16-Dec,18-Dec,12:18,8,3,0,17,0,13,0,33,0,33,0,N,N
22,2,A7_Taiwan,mel_GFP,A7_Taiwan,A7_Taiwan,TT,control,14-Dec,9-Dec,11-Dec,16-Dec,18-Dec,12:18,16,2,15,5,40,2,19,9,74,83,0.891566265,N,Y
23,2,B7_Malaysia,mel_GFP,B7_Malaysia,yak_S09_L38,MM,treatment,14-Dec,9-Dec,11-Dec,16-Dec,18-Dec,12:18,9,0,23,3,38,7,28,10,89,99,0.898989899,N,Y
24,2,A7_Taiwan,mel_GFP,A7_Taiwan,A7_Taiwan,TT,control,14-Dec,9-Dec,11-Dec,16-Dec,18-Dec,12:18,7,10,12,20,32,5,17,35,61,96,0.635416667,N,Y
25,2,B7_Malaysia,mel_GFP,A7_Taiwan,A7_Taiwan,MT,control,14-Dec,9-Dec,11-Dec,16-Dec,18-Dec,12:18,18,1,35,2,36,2,30,5,101,106,0.952830189,N,Y
26,2,A7_Taiwan,mel_GFP,B7_Malaysia,yak_S09_L38,TM,treatment,14-Dec,9-Dec,11-Dec,16-Dec,18-Dec,12:18,4,28,1,55,1,28,3,111,5,116,0.043103448,N,Y
27,2,B7_Malaysia,mel_GFP,B7_Malaysia,B7_Malaysia,MM,control,14-Dec,9-Dec,11-Dec,16-Dec,18-Dec,12:18,NA,NA,NA,NA,NA,NA,NA,NA,NA,NA,NA,Y,NA
28,2,A7_Taiwan,mel_GFP,A7_Taiwan,yak_S09_L38,TT,treatment,14-Dec,9-Dec,11-Dec,16-Dec,18-Dec,12:18,9,7,11,18,20,3,10,28,41,69,0.594202899,N,Y
29,2,A7_Taiwan,mel_GFP,B7_Malaysia,yak_S09_L38,TM,treatment,14-Dec,9-Dec,11-Dec,16-Dec,18-Dec,12:18,5,15,0,30,0,18,0,63,0,63,0,N,N
30,2,A7_Taiwan,mel_GFP,A7_Taiwan,yak_S09_L38,TT,treatment,14-Dec,9-Dec,11-Dec,16-Dec,18-Dec,12:18,6,19,0,28,0,31,0,78,0,78,0,N,N
31,2,B7_Malaysia,mel_GFP,A7_Taiwan,A7_Taiwan,MT,control,14-Dec,9-Dec,11-Dec,16-Dec,18-Dec,12:18,17,22,35,12,44,4,45,38,124,162,0.765432099,N,Y
32,2,B7_Malaysia,mel_GFP,B7_Malaysia,yak_S09_L38,MM,treatment,14-Dec,9-Dec,11-Dec,16-Dec,18-Dec,12:18,NA,NA,NA,NA,NA,NA,NA,NA,NA,NA,NA,Y,NA
33,3,A7_Taiwan,mel_GFP,B7_Malaysia,B7_Malaysia,TM,treatment,25-Jan,20-Jan,22-Jan,27-Jan,29-Jan,12:20,5,23,3,15,6,8,0,46,9,55,0.163636364,N,Y
34,3,A7_Taiwan,mel_GFP,A7_Taiwan,A7_Taiwan,TT,control,25-Jan,20-Jan,22-Jan,27-Jan,29-Jan,12:20,NA,NA,NA,NA,NA,NA,NA,NA,NA,NA,NA,Y,NA
35,3,B7_Malaysia,mel_GFP,B7_Malaysia,yak_S09_L38,MM,control,25-Jan,20-Jan,22-Jan,27-Jan,29-Jan,12:20,50,26,22,25,14,16,12,67,48,115,0.417391304,N,Y
36,3,A7_Taiwan,mel_GFP,A7_Taiwan,A7_Taiwan,TT,control,25-Jan,20-Jan,22-Jan,27-Jan,29-Jan,12:20,NA,NA,NA,NA,NA,NA,NA,NA,NA,NA,NA,Y,NA
37,3,A7_Taiwan,mel_GFP,B7_Malaysia,yak_S09_L38,TM,treatment,25-Jan,20-Jan,22-Jan,27-Jan,29-Jan,12:20,15,40,0,32,0,18,0,90,0,90,0,N,N
38,3,B7_Malaysia,mel_GFP,A7_Taiwan,yak_S09_L38,MT,treatment,25-Jan,20-Jan,22-Jan,27-Jan,29-Jan,12:20,20,3,26,0,25,1,29,4,80,84,0.952380952,N,Y
39,3,B7_Malaysia,mel_GFP,B7_Malaysia,yak_S09_L38,MM,treatment,25-Jan,20-Jan,22-Jan,27-Jan,29-Jan,12:20,30,31,8,27,13,26,14,84,35,119,0.294117647,N,Y
40,3,A7_Taiwan,mel_GFP,B7_Malaysia,B7_Malaysia,TM,control,25-Jan,20-Jan,22-Jan,27-Jan,29-Jan,12:20,27,13,1,35,5,2,0,50,6,56,0.107142857,N,Y
41,3,B7_Malaysia,mel_GFP,A7_Taiwan,yak_S09_L38,MT,treatment,25-Jan,20-Jan,22-Jan,27-Jan,29-Jan,12:20,25,20,0,3,0,0,0,23,0,23,0,N,N
42,3,A7_Taiwan,mel_GFP,B7_Malaysia,yak_S09_L38,TM,treatment,25-Jan,20-Jan,22-Jan,27-Jan,29-Jan,12:20,17,20,11,29,7,6,3,55,21,76,0.276315789,N,Y
43,3,A7_Taiwan,mel_GFP,A7_Taiwan,yak_S09_L38,TT,treatment,25-Jan,20-Jan,22-Jan,27-Jan,29-Jan,12:20,5,5,8,17,19,0,4,22,31,53,0.58490566,N,Y
44,3,B7_Malaysia,mel_GFP,B7_Malaysia,B7_Malaysia,MM,control,25-Jan,20-Jan,22-Jan,27-Jan,29-Jan,12:20,16,33,0,36,0,30,0,99,0,99,0,N,N
45,3,B7_Malaysia,mel_GFP,A7_Taiwan,A7_Taiwan,MT,control,25-Jan,20-Jan,22-Jan,27-Jan,29-Jan,12:20,30,5,30,1,40,0,29,6,99,105,0.942857143,N,Y
46,3,A7_Taiwan,mel_GFP,A7_Taiwan,yak_S09_L38,TT,treatment,25-Jan,20-Jan,22-Jan,27-Jan,29-Jan,12:20,15,0,0,2,0,4,0,6,0,6,0,N,N
47,3,B7_Malaysia,mel_GFP,B7_Malaysia,B7_Malaysia,MM,control,25-Jan,20-Jan,22-Jan,27-Jan,29-Jan,12:20,35,4,3,17,13,24,2,45,18,63,0.285714286,N,Y
48,3,B7_Malaysia,mel_GFP,A7_Taiwan,A7_Taiwan,MT,control,25-Jan,20-Jan,22-Jan,27-Jan,29-Jan,12:20,NA,NA,NA,NA,NA,NA,NA,NA,NA,NA,NA,Y,NA
49,4,A7_Taiwan,mel_GFP,A7_Taiwan,A7_Taiwan,TT,control,15-Feb,10-Feb,12-Feb,17-Feb,19-Feb,12:45,24,36,0,35,0,35,0,106,0,106,0,N,N
50,4,A7_Taiwan,mel_GFP,A7_Taiwan,yak_S09_L38,TT,treatment,15-Feb,10-Feb,12-Feb,17-Feb,19-Feb,12:45,28,13,11,10,24,8,15,31,50,81,0.617283951,N,Y
51,4,A7_Taiwan,mel_GFP,B7_Malaysia,B7_Malaysia,TM,control,15-Feb,10-Feb,12-Feb,17-Feb,19-Feb,12:45,33,11,0,39,9,9,6,59,15,74,0.202702703,N,Y
52,4,B7_Malaysia,mel_GFP,B7_Malaysia,yak_S09_L38,MM,treatment,15-Feb,10-Feb,12-Feb,17-Feb,19-Feb,12:45,NA,NA,NA,NA,NA,NA,NA,NA,NA,NA,NA,Y,NA
53,4,A7_Taiwan,mel_GFP,A7_Taiwan,A7_Taiwan,TT,control,15-Feb,10-Feb,12-Feb,17-Feb,19-Feb,12:45,8,0,13,3,28,0,4,3,45,48,0.9375,N,Y
54,4,B7_Malaysia,mel_GFP,A7_Taiwan,A7_Taiwan,MT,control,15-Feb,10-Feb,12-Feb,17-Feb,19-Feb,12:45,35,8,10,13,39,3,43,24,92,116,0.793103448,N,Y
55,4,A7_Taiwan,mel_GFP,B7_Malaysia,yak_S09_L38,TM,treatment,15-Feb,10-Feb,12-Feb,17-Feb,19-Feb,12:45,18,20,0,40,0,30,0,90,0,90,0,N,N
56,4,A7_Taiwan,mel_GFP,A7_Taiwan,yak_S09_L38,TT,treatment,15-Feb,10-Feb,12-Feb,17-Feb,19-Feb,12:45,NA,NA,NA,NA,NA,NA,NA,NA,NA,NA,NA,Y,NA
57,4,B7_Malaysia,mel_GFP,B7_Malaysia,B7_Malaysia,MM,control,15-Feb,10-Feb,12-Feb,17-Feb,19-Feb,12:45,0,0,37,0,50,0,22,0,109,109,1,N,N
58,4,A7_Taiwan,mel_GFP,B7_Malaysia,yak_S09_L38,TM,treatment,15-Feb,10-Feb,12-Feb,17-Feb,19-Feb,12:45,2,15,14,17,12,1,2,33,28,61,0.459016393,N,Y
59,4,B7_Malaysia,mel_GFP,B7_Malaysia,B7_Malaysia,MM,control,15-Feb,10-Feb,12-Feb,17-Feb,19-Feb,12:45,NA,NA,NA,NA,NA,NA,NA,NA,NA,NA,NA,Y,NA
60,4,B7_Malaysia,mel_GFP,B7_Malaysia,yak_S09_L38,MM,treatment,15-Feb,10-Feb,12-Feb,17-Feb,19-Feb,12:45,14,18,0,27,0,31,0,76,0,76,0,N,N
61,4,B7_Malaysia,mel_GFP,A7_Taiwan,yak_S09_L38,MT,treatment,15-Feb,10-Feb,12-Feb,17-Feb,19-Feb,12:45,43,15,10,18,30,17,32,50,72,122,0.590163934,N,Y
62,4,B7_Malaysia,mel_GFP,A7_Taiwan,A7_Taiwan,MT,control,15-Feb,10-Feb,12-Feb,17-Feb,19-Feb,12:45,NA,NA,NA,NA,NA,NA,NA,NA,NA,NA,NA,Y,NA
63,4,B7_Malaysia,mel_GFP,A7_Taiwan,yak_S09_L38,MT,treatment,15-Feb,10-Feb,12-Feb,17-Feb,19-Feb,12:45,41,16,24,8,43,1,49,25,116,141,0.822695035,N,Y
64,4,A7_Taiwan,mel_GFP,B7_Malaysia,B7_Malaysia,TM,control,15-Feb,10-Feb,12-Feb,17-Feb,19-Feb,12:45,49,18,3,37,5,20,2,75,10,85,0.117647059,N,Y
65,5,A7_Taiwan,mel_GFP,A7_Taiwan,A7_Taiwan,TT,control,1-Mar,24-Feb,26-Feb,3-Mar,5-Mar,12:10,NA,NA,NA,NA,NA,NA,NA,NA,NA,NA,NA,Y,NA
66,5,A7_Taiwan,mel_GFP,A7_Taiwan,yak_S09_L38,TT,treatment,1-Mar,24-Feb,26-Feb,3-Mar,5-Mar,12:10,6,6,9,9,23,6,23,21,55,76,0.723684211,N,Y
67,5,B7_Malaysia,mel_GFP,A7_Taiwan,A7_Taiwan,MT,control,1-Mar,24-Feb,26-Feb,3-Mar,5-Mar,12:10,9,25,10,36,7,23,11,84,28,112,0.25,N,Y
68,5,A7_Taiwan,mel_GFP,A7_Taiwan,yak_S09_L38,TT,treatment,1-Mar,24-Feb,26-Feb,3-Mar,5-Mar,12:10,7,7,20,3,31,1,30,11,81,92,0.880434783,N,Y
69,5,B7_Malaysia,mel_GFP,B7_Malaysia,B7_Malaysia,MM,control,1-Mar,24-Feb,26-Feb,3-Mar,5-Mar,12:10,40,20,0,34,0,42,0,96,0,96,0,N,N
70,5,B7_Malaysia,mel_GFP,A7_Taiwan,yak_S09_L38,MT,treatment,1-Mar,24-Feb,26-Feb,3-Mar,5-Mar,12:10,0,0,31,0,29,0,29,0,89,89,1,N,N
71,5,A7_Taiwan,mel_GFP,A7_Taiwan,A7_Taiwan,TT,control,1-Mar,24-Feb,26-Feb,3-Mar,5-Mar,12:10,10,30,0,32,0,35,0,97,0,97,0,N,N
72,5,B7_Malaysia,mel_GFP,B7_Malaysia,B7_Malaysia,MM,control,1-Mar,24-Feb,26-Feb,3-Mar,5-Mar,12:10,14,0,32,1,42,0,44,1,118,119,0.991596639,N,Y
73,5,A7_Taiwan,mel_GFP,B7_Malaysia,yak_S09_L38,TM,treatment,1-Mar,24-Feb,26-Feb,3-Mar,5-Mar,12:10,4,34,0,33,0,28,0,95,0,95,0,N,N
74,5,A7_Taiwan,mel_GFP,B7_Malaysia,yak_S09_L38,TM,treatment,1-Mar,24-Feb,26-Feb,3-Mar,5-Mar,12:10,9,21,5,32,3,40,1,93,9,102,0.088235294,N,Y
75,5,A7_Taiwan,mel_GFP,B7_Malaysia,B7_Malaysia,TM,control,1-Mar,24-Feb,26-Feb,3-Mar,5-Mar,12:10,9,2,0,39,0,21,0,62,0,62,0,N,N
76,5,A7_Taiwan,mel_GFP,B7_Malaysia,B7_Malaysia,TM,control,1-Mar,24-Feb,26-Feb,3-Mar,5-Mar,12:10,18,11,11,6,30,1,29,18,70,88,0.795454545,N,Y
77,5,B7_Malaysia,mel_GFP,B7_Malaysia,yak_S09_L38,MM,treatment,1-Mar,24-Feb,26-Feb,3-Mar,5-Mar,12:10,NA,NA,NA,NA,NA,NA,NA,NA,NA,NA,NA,Y,NA
78,5,B7_Malaysia,mel_GFP,A7_Taiwan,A7_Taiwan,MT,control,1-Mar,24-Feb,26-Feb,3-Mar,5-Mar,12:10,41,24,11,34,12,23,15,81,38,119,0.319327731,N,Y
79,5,B7_Malaysia,mel_GFP,A7_Taiwan,yak_S09_L38,MT,treatment,1-Mar,24-Feb,26-Feb,3-Mar,5-Mar,12:10,34,5,29,10,57,5,58,20,144,164,0.87804878,N,Y
80,5,B7_Malaysia,mel_GFP,B7_Malaysia,yak_S09_L38,MM,treatment,1-Mar,24-Feb,26-Feb,3-Mar,5-Mar,12:10,38,23,12,35,7,24,1,82,20,102,0.196078431,N,Y
81,6,A7_Taiwan,mel_GFP,A7_Taiwan,A7_Taiwan,TT,control,15-Mar,10-Mar,12-Mar,17-Mar,19-Mar,10:15,10,17,0,36,0,30,0,83,0,83,0,N,N
82,6,B7_Malaysia,mel_GFP,B7_Malaysia,B7_Malaysia,MM,control,15-Mar,10-Mar,12-Mar,17-Mar,19-Mar,10:15,16,33,0,36,0,28,0,97,0,97,0,N,N
83,6,A7_Taiwan,mel_GFP,B7_Malaysia,B7_Malaysia,TM,control,15-Mar,10-Mar,12-Mar,17-Mar,19-Mar,10:15,25,34,0,40,0,31,0,105,0,105,0,N,N
84,6,A7_Taiwan,mel_GFP,A7_Taiwan,yak_S09_L38,TT,treatment,15-Mar,10-Mar,12-Mar,17-Mar,19-Mar,10:15,3,9,1,25,20,12,6,46,27,73,0.369863014,N,Y
85,6,B7_Malaysia,mel_GFP,A7_Taiwan,A7_Taiwan,MT,control,15-Mar,10-Mar,12-Mar,17-Mar,19-Mar,10:15,NA,NA,NA,NA,NA,NA,NA,NA,NA,NA,NA,Y,NA
86,6,B7_Malaysia,mel_GFP,A7_Taiwan,yak_S09_L38,MT,treatment,15-Mar,10-Mar,12-Mar,17-Mar,19-Mar,10:15,34,10,39,3,45,0,44,13,128,141,0.907801418,N,Y
87,6,B7_Malaysia,mel_GFP,A7_Taiwan,A7_Taiwan,MT,control,15-Mar,10-Mar,12-Mar,17-Mar,19-Mar,10:15,12,28,17,18,25,6,33,52,75,127,0.590551181,N,Y
88,6,A7_Taiwan,mel_GFP,B7_Malaysia,yak_S09_L38,TM,treatment,15-Mar,10-Mar,12-Mar,17-Mar,19-Mar,10:15,16,31,0,37,0,34,0,102,0,102,0,N,N
89,6,B7_Malaysia,mel_GFP,A7_Taiwan,yak_S09_L38,MT,treatment,15-Mar,10-Mar,12-Mar,17-Mar,19-Mar,10:15,15,4,25,1,21,0,36,5,82,87,0.942528736,N,Y
90,6,B7_Malaysia,mel_GFP,B7_Malaysia,yak_S09_L38,MM,treatment,15-Mar,10-Mar,12-Mar,17-Mar,19-Mar,10:15,22,32,0,0,0,0,0,32,0,32,0,N,N
91,6,B7_Malaysia,mel_GFP,B7_Malaysia,B7_Malaysia,MM,control,15-Mar,10-Mar,12-Mar,17-Mar,19-Mar,10:15,33,35,0,40,0,30,0,105,0,105,0,N,N
92,6,A7_Taiwan,mel_GFP,B7_Malaysia,yak_S09_L38,TM,treatment,15-Mar,10-Mar,12-Mar,17-Mar,19-Mar,10:15,1,26,0,32,0,32,0,90,0,90,0,N,N
93,6,A7_Taiwan,mel_GFP,B7_Malaysia,B7_Malaysia,TM,control,15-Mar,10-Mar,12-Mar,17-Mar,19-Mar,10:15,2,29,10,29,8,33,6,91,24,115,0.208695652,N,Y
94,6,A7_Taiwan,mel_GFP,A7_Taiwan,A7_Taiwan,TT,control,15-Mar,10-Mar,12-Mar,17-Mar,19-Mar,10:15,22,18,18,22,12,16,14,56,44,100,0.44,N,Y
95,6,B7_Malaysia,mel_GFP,B7_Malaysia,yak_S09_L38,MM,treatment,15-Mar,10-Mar,12-Mar,17-Mar,19-Mar,10:15,35,15,15,13,29,11,29,39,73,112,0.651785714,N,Y
96,6,A7_Taiwan,mel_GFP,A7_Taiwan,yak_S09_L38,TT,treatment,15-Mar,10-Mar,12-Mar,17-Mar,19-Mar,10:15,20,1,18,0,43,0,13,1,74,75,0.986666667,N,Y
97,7,A5_Greece,mel_GFP,B7_Malaysia,B7_Malaysia,GM,control,12-Jul,7-Jul,9-Jul,14-Jul,16-Jul,11:07,19,2,32,5,4,4,0,11,36,47,0.765957447,N,Y
98,7,B4_California,mel_GFP,A7_Taiwan,yak_S09_L38,CT,treatment,12-Jul,7-Jul,9-Jul,14-Jul,16-Jul,11:07,NA,NA,NA,NA,NA,NA,NA,NA,NA,NA,NA,Y,NA
99,7,B4_California,mel_GFP,A7_Taiwan,yak_S09_L38,CT,treatment,12-Jul,7-Jul,9-Jul,14-Jul,16-Jul,11:07,NA,NA,NA,NA,NA,NA,NA,NA,NA,NA,NA,Y,NA
100,7,B4_California,mel_GFP,B7_Malaysia,yak_S09_L38,CM,treatment,12-Jul,7-Jul,9-Jul,14-Jul,16-Jul,11:07,18,4,1,0,0,0,0,4,1,5,0.2,N,Y
101,7,A5_Greece,mel_GFP,B7_Malaysia,yak_S09_L38,GM,treatment,12-Jul,7-Jul,9-Jul,14-Jul,16-Jul,11:07,26,5,25,1,0,1,0,7,25,32,0.78125,N,Y
102,7,B4_California,mel_GFP,A7_Taiwan,A7_Taiwan,CT,control,12-Jul,7-Jul,9-Jul,14-Jul,16-Jul,11:07,NA,NA,NA,NA,NA,NA,NA,NA,NA,NA,NA,Y,NA
103,7,B4_California,mel_GFP,B7_Malaysia,B7_Malaysia,CM,control,12-Jul,7-Jul,9-Jul,14-Jul,16-Jul,11:07,20,7,13,5,7,0,0,12,20,32,0.625,N,Y
104,7,A5_Greece,mel_GFP,B7_Malaysia,B7_Malaysia,GM,control,12-Jul,7-Jul,9-Jul,14-Jul,16-Jul,11:07,6,3,0,2,0,2,0,7,0,7,0,N,N
105,7,B4_California,mel_GFP,A7_Taiwan,yak_S09_L38,CT,treatment,12-Jul,7-Jul,9-Jul,14-Jul,16-Jul,11:07,NA,NA,NA,NA,NA,NA,NA,NA,NA,NA,NA,Y,NA
106,7,B4_California,mel_GFP,B7_Malaysia,yak_S09_L38,CM,treatment,12-Jul,7-Jul,9-Jul,14-Jul,16-Jul,11:07,5,0,0,0,0,1,0,1,0,1,0,N,N
107,7,A5_Greece,mel_GFP,A7_Taiwan,A7_Taiwan,GT,control,12-Jul,7-Jul,9-Jul,14-Jul,16-Jul,11:07,9,0,2,0,4,0,4,0,10,10,1,N,Y
108,7,B4_California,mel_GFP,A7_Taiwan,A7_Taiwan,CT,control,12-Jul,7-Jul,9-Jul,14-Jul,16-Jul,11:07,37,17,20,5,16,4,11,26,47,73,0.643835616,N,Y
109,7,A5_Greece,mel_GFP,A7_Taiwan,A7_Taiwan,GT,control,12-Jul,7-Jul,9-Jul,14-Jul,16-Jul,11:07,26,28,35,2,20,0,0,30,55,85,0.647058824,N,Y
110,7,A5_Greece,mel_GFP,B7_Malaysia,yak_S09_L38,GM,treatment,12-Jul,7-Jul,9-Jul,14-Jul,16-Jul,11:07,32,48,0,14,0,7,0,69,0,69,0,N,N
111,7,A5_Greece,mel_GFP,B7_Malaysia,B7_Malaysia,GM,control,12-Jul,7-Jul,9-Jul,14-Jul,16-Jul,11:07,21,6,35,16,32,12,4,34,71,105,0.676190476,N,Y
112,7,A5_Greece,mel_GFP,A7_Taiwan,A7_Taiwan,GT,control,12-Jul,7-Jul,9-Jul,14-Jul,16-Jul,11:07,0,0,42,0,62,0,31,0,135,135,1,N,N
113,8,A5_Greece,mel_GFP,A7_Taiwan,A7_Taiwan,GT,control,19-Jul,14-Jul,16-Jul,21-Jul,23-Jul,11:44,13,41,0,34,0,3,0,78,0,78,0,N,N
114,8,A5_Greece,mel_GFP,A7_Taiwan,A7_Taiwan,GT,control,19-Jul,14-Jul,16-Jul,21-Jul,23-Jul,11:44,NA,NA,NA,NA,NA,NA,NA,NA,NA,NA,NA,Y,NA
115,8,B4_California,mel_GFP,A7_Taiwan,A7_Taiwan,CT,control,19-Jul,14-Jul,16-Jul,21-Jul,23-Jul,11:44,4,1,2,0,0,0,0,1,2,3,0.666666667,N,Y
116,8,B4_California,mel_GFP,A7_Taiwan,A7_Taiwan,CT,control,19-Jul,14-Jul,16-Jul,21-Jul,23-Jul,11:44,22,32,1,19,2,7,1,58,4,62,0.064516129,N,Y
117,8,A5_Greece,mel_GFP,A7_Taiwan,yak_S09_L38,GT,treatment,19-Jul,14-Jul,16-Jul,21-Jul,23-Jul,11:44,33,0,51,0,44,0,33,0,128,128,1,N,Y
118,8,A5_Greece,mel_GFP,A7_Taiwan,yak_S09_L38,GT,treatment,19-Jul,14-Jul,16-Jul,21-Jul,23-Jul,11:44,50,3,49,0,33,0,0,3,82,85,0.964705882,N,Y
119,8,A7_Taiwan,mel_GFP,A5_Greece,yak_S09_L38,TG,treatment,19-Jul,14-Jul,16-Jul,21-Jul,23-Jul,11:44,36,2,43,1,44,0,32,3,119,122,0.975409836,N,Y
120,8,B4_California,mel_GFP,A7_Taiwan,yak_S09_L38,CT,treatment,19-Jul,14-Jul,16-Jul,21-Jul,23-Jul,11:44,4,3,0,0,0,0,0,3,0,3,0,N,N
121,8,A5_Greece,mel_GFP,A5_Greece,A5_Greece,GG,control,19-Jul,14-Jul,16-Jul,21-Jul,23-Jul,11:44,9,0,8,0,2,0,0,0,10,10,1,N,Y
122,8,A5_Greece,mel_GFP,A5_Greece,yak_S09_L38,GG,treatment,19-Jul,14-Jul,16-Jul,21-Jul,23-Jul,11:44,24,19,0,24,0,1,0,44,0,44,0,N,N
123,8,B4_California,mel_GFP,A5_Greece,yak_S09_L38,CG,treatment,19-Jul,14-Jul,16-Jul,21-Jul,23-Jul,11:44,0,1,0,0,0,0,0,1,0,1,0,N,N
124,8,B7_Malaysia,mel_GFP,A5_Greece,yak_S09_L38,MG,treatment,19-Jul,14-Jul,16-Jul,21-Jul,23-Jul,11:44,6,5,2,0,0,13,2,18,4,22,0.181818182,N,Y
125,8,A7_Taiwan,mel_GFP,A5_Greece,A5_Greece,TG,control,19-Jul,14-Jul,16-Jul,21-Jul,23-Jul,11:44,18,35,0,31,0,21,1,87,1,88,0.011363636,N,Y
126,8,B7_Malaysia,mel_GFP,A5_Greece,A5_Greece,MG,control,19-Jul,14-Jul,16-Jul,21-Jul,23-Jul,11:44,53,20,15,20,42,5,40,45,97,142,0.683098592,N,Y
127,8,B4_California,mel_GFP,A7_Taiwan,yak_S09_L38,CT,treatment,19-Jul,14-Jul,16-Jul,21-Jul,23-Jul,11:44,43,0,1,0,0,0,0,0,1,1,1,N,Y
128,8,B4_California,mel_GFP,A5_Greece,A5_Greece,CG,control,19-Jul,14-Jul,16-Jul,21-Jul,23-Jul,11:44,0,4,0,0,0,0,0,4,0,4,0,N,N
129,9,B4_California,mel_GFP,B4_California,B4_California,CC,control,26-Jul,21-Jul,23-Jul,28-Jul,30-Jul,11:10,24,0,25,0,9,0,3,0,37,37,1,N,Y
130,9,B7_Malaysia,mel_GFP,B4_California,yak_S09_L38,MC,treatment,26-Jul,21-Jul,23-Jul,28-Jul,30-Jul,11:10,33,4,5,1,0,0,0,5,5,10,0.5,N,Y
131,9,A5_Greece,mel_GFP,A7_Taiwan,A7_Taiwan,GT,control,26-Jul,21-Jul,23-Jul,28-Jul,30-Jul,11:10,NA,NA,NA,NA,NA,NA,NA,NA,NA,NA,NA,Y,NA
132,9,A5_Greece,mel_GFP,B4_California,B4_California,GC,control,26-Jul,21-Jul,23-Jul,28-Jul,30-Jul,11:10,12,0,0,0,0,0,0,0,0,0,0,N,N
133,9,B7_Malaysia,mel_GFP,B4_California,B4_California,MC,control,26-Jul,21-Jul,23-Jul,28-Jul,30-Jul,11:10,30,1,12,1,29,0,26,2,67,69,0.971014493,N,Y
134,9,B4_California,mel_GFP,A7_Taiwan,yak_S09_L38,CT,treatment,26-Jul,21-Jul,23-Jul,28-Jul,30-Jul,11:10,14,3,6,1,1,0,1,4,8,12,0.666666667,N,Y
135,9,A5_Greece,mel_GFP,A7_Taiwan,yak_S09_L38,GT,treatment,26-Jul,21-Jul,23-Jul,28-Jul,30-Jul,11:10,45,27,0,10,0,0,0,37,0,37,0,N,N
136,9,B4_California,mel_GFP,B4_California,yak_S09_L38,CC,treatment,26-Jul,21-Jul,23-Jul,28-Jul,30-Jul,11:10,21,0,0,0,,0,0,0,0,0,0,N,N
137,9,A5_Greece,mel_GFP,A7_Taiwan,A7_Taiwan,GT,control,26-Jul,21-Jul,23-Jul,28-Jul,30-Jul,11:10,6,0,0,0,0,0,0,0,0,0,0,N,N
138,9,B4_California,mel_GFP,A7_Taiwan,A7_Taiwan,CT,control,26-Jul,21-Jul,23-Jul,28-Jul,30-Jul,11:10,13,6,8,4,9,0,5,10,22,32,0.6875,N,Y
139,9,A7_Taiwan,mel_GFP,B4_California,yak_S09_L38,TC,treatment,26-Jul,21-Jul,23-Jul,28-Jul,30-Jul,11:10,20,8,8,10,16,3,11,21,35,56,0.625,N,Y
140,9,A7_Taiwan,mel_GFP,B4_California,B4_California,TC,control,26-Jul,21-Jul,23-Jul,28-Jul,30-Jul,11:10,10,0,24,0,29,0,10,0,63,63,1,N,Y
141,9,B4_California,mel_GFP,A7_Taiwan,A7_Taiwan,CT,control,26-Jul,21-Jul,23-Jul,28-Jul,30-Jul,11:10,35,1,0,0,0,0,0,1,0,1,0,N,N
142,9,B4_California,mel_GFP,A7_Taiwan,yak_S09_L38,CT,treatment,26-Jul,21-Jul,23-Jul,28-Jul,30-Jul,11:10,17,0,2,0,0,0,1,0,3,3,1,N,Y
143,9,A5_Greece,mel_GFP,A7_Taiwan,yak_S09_L38,GT,treatment,26-Jul,21-Jul,23-Jul,28-Jul,30-Jul,11:10,38,5,44,3,63,0,67,8,174,182,0.956043956,N,Y
144,9,A5_Greece,mel_GFP,B4_California,yak_S09_L38,GC,treatment,26-Jul,21-Jul,23-Jul,28-Jul,30-Jul,11:10,40,6,32,1,0,0,1,7,33,40,0.825,N,Y
145,10,A5_Greece,mel_GFP,B7_Malaysia,B7_Malaysia,GM,control,2-Aug,28-Jul,30-Jul,4-Aug,6-Aug,11:42,0,8,9,5,0,1,0,14,9,23,0.391304348,N,Y
146,10,B4_California,mel_GFP,B7_Malaysia,yak_S09_L38,CM,treatment,2-Aug,28-Jul,30-Jul,4-Aug,6-Aug,11:42,24,21,1,3,0,0,0,24,1,25,0.04,N,Y
147,10,A5_Greece,mel_GFP,B7_Malaysia,yak_S09_L38,GM,treatment,2-Aug,28-Jul,30-Jul,4-Aug,6-Aug,11:42,17,0,0,0,0,0,0,0,0,0,0,N,N
148,10,A7_Taiwan,mel_GFP,A5_Greece,yak_S09_L38,TG,treatment,2-Aug,28-Jul,30-Jul,4-Aug,6-Aug,11:42,0,0,0,0,0,0,0,0,0,0,0,N,N
149,10,B4_California,mel_GFP,A5_Greece,yak_S09_L38,CG,treatment,2-Aug,28-Jul,30-Jul,4-Aug,6-Aug,11:42,25,20,0,19,0,17,0,56,0,56,0,N,N
150,10,B4_California,mel_GFP,B7_Malaysia,yak_S09_L38,CM,treatment,2-Aug,28-Jul,30-Jul,4-Aug,6-Aug,11:42,28,0,0,1,0,0,0,1,0,1,0,N,N
151,10,A5_Greece,mel_GFP,A5_Greece,A5_Greece,GG,control,2-Aug,28-Jul,30-Jul,4-Aug,6-Aug,11:42,0,6,0,0,0,0,0,6,0,6,0,N,N
152,10,A5_Greece,mel_GFP,B7_Malaysia,yak_S09_L38,GM,treatment,2-Aug,28-Jul,30-Jul,4-Aug,6-Aug,11:42,0,0,0,0,0,0,0,0,0,0,0,N,N
153,10,B4_California,mel_GFP,A5_Greece,A5_Greece,CG,control,2-Aug,28-Jul,30-Jul,4-Aug,6-Aug,11:42,37,3,0,5,0,2,5,10,5,15,0.333333333,N,Y
154,10,A5_Greece,mel_GFP,A5_Greece,yak_S09_L38,GG,treatment,2-Aug,28-Jul,30-Jul,4-Aug,6-Aug,11:42,51,55,0,0,0,0,0,55,0,55,0,N,N
155,10,A5_Greece,mel_GFP,B7_Malaysia,B7_Malaysia,GM,control,2-Aug,28-Jul,30-Jul,4-Aug,6-Aug,11:42,0,0,3,0,12,0,4,0,19,19,1,N,N
156,10,B7_Malaysia,mel_GFP,A5_Greece,A5_Greece,MG,control,2-Aug,28-Jul,30-Jul,4-Aug,6-Aug,11:42,26,29,5,17,20,14,17,60,42,102,0.411764706,N,Y
157,10,B4_California,mel_GFP,B7_Malaysia,B7_Malaysia,CM,control,2-Aug,28-Jul,30-Jul,4-Aug,6-Aug,11:42,26,1,0,0,0,0,0,1,0,1,0,N,N
158,10,B4_California,mel_GFP,B7_Malaysia,B7_Malaysia,CM,control,2-Aug,28-Jul,30-Jul,4-Aug,6-Aug,11:42,11,10,0,19,0,1,0,30,0,30,0,N,N
159,10,A7_Taiwan,mel_GFP,A5_Greece,A5_Greece,TG,control,2-Aug,28-Jul,30-Jul,4-Aug,6-Aug,11:42,21,24,0,29,0,12,0,65,0,65,0,N,N
160,10,B7_Malaysia,mel_GFP,A5_Greece,yak_S09_L38,MG,treatment,2-Aug,28-Jul,30-Jul,4-Aug,6-Aug,11:42,41,38,0,49,0,44,0,131,0,131,0,N,N
161,11,B4_California,mel_GFP,B4_California,B4_California,CC,control,23-Aug,18-Aug,20-Aug,25-Aug,27-Aug,10:47,NA,NA,NA,NA,NA,NA,NA,NA,NA,NA,NA,Y,NA
162,11,B4_California,mel_GFP,B7_Malaysia,yak_S09_L38,CM,treatment,23-Aug,18-Aug,20-Aug,25-Aug,27-Aug,10:47,29,16,0,19,0,19,0,54,0,54,0,N,N
163,11,B4_California,mel_GFP,B4_California,yak_S09_L38,CC,treatment,23-Aug,18-Aug,20-Aug,25-Aug,27-Aug,10:47,35,0,0,0,0,0,0,0,0,0,0,N,N
164,11,A5_Greece,mel_GFP,B4_California,yak_S09_L38,GC,treatment,23-Aug,18-Aug,20-Aug,25-Aug,27-Aug,10:47,43,1,43,0,9,0,13,1,65,66,0.984848485,N,Y
165,11,A5_Greece,mel_GFP,B7_Malaysia,yak_S09_L38,GM,treatment,23-Aug,18-Aug,20-Aug,25-Aug,27-Aug,10:47,4,12,0,11,0,11,0,34,0,34,0,N,N
166,11,A5_Greece,mel_GFP,B4_California,B4_California,GC,control,23-Aug,18-Aug,20-Aug,25-Aug,27-Aug,10:47,59,0,34,0,2,0,0,0,36,36,1,N,Y
167,11,A7_Taiwan,mel_GFP,B4_California,B4_California,TC,control,23-Aug,18-Aug,20-Aug,25-Aug,27-Aug,10:47,21,5,32,3,28,3,18,11,78,89,0.876404494,N,Y
168,11,B4_California,mel_GFP,B7_Malaysia,B7_Malaysia,CM,control,23-Aug,18-Aug,20-Aug,25-Aug,27-Aug,10:47,7,0,0,0,0,0,0,0,0,0,0,N,N
169,11,B4_California,mel_GFP,B7_Malaysia,B7_Malaysia,CM,control,23-Aug,18-Aug,20-Aug,25-Aug,27-Aug,10:47,34,16,4,16,2,14,1,46,7,53,0.132075472,N,Y
170,11,B7_Malaysia,mel_GFP,B4_California,B4_California,MC,control,23-Aug,18-Aug,20-Aug,25-Aug,27-Aug,10:47,64,0,55,0,46,0,15,0,116,116,1,N,Y
171,11,A5_Greece,mel_GFP,B7_Malaysia,B7_Malaysia,GM,control,23-Aug,18-Aug,20-Aug,25-Aug,27-Aug,10:47,8,0,6,3,9,5,8,8,23,31,0.741935484,N,Y
172,11,B7_Malaysia,mel_GFP,B4_California,yak_S09_L38,MC,treatment,23-Aug,18-Aug,20-Aug,25-Aug,27-Aug,10:47,48,0,37,1,42,0,38,1,117,118,0.991525424,N,Y
173,11,A5_Greece,mel_GFP,B7_Malaysia,yak_S09_L38,GM,treatment,23-Aug,18-Aug,20-Aug,25-Aug,27-Aug,10:47,44,16,27,29,18,7,1,52,46,98,0.469387755,N,Y
174,11,A5_Greece,mel_GFP,B7_Malaysia,B7_Malaysia,GM,control,23-Aug,18-Aug,20-Aug,25-Aug,27-Aug,10:47,NA,NA,NA,NA,NA,NA,NA,NA,NA,NA,NA,Y,NA
175,11,A7_Taiwan,mel_GFP,B4_California,yak_S09_L38,TC,treatment,23-Aug,18-Aug,20-Aug,25-Aug,27-Aug,10:47,22,6,35,10,26,7,19,23,80,103,0.776699029,N,Y
176,11,B4_California,mel_GFP,B7_Malaysia,yak_S09_L38,CM,treatment,23-Aug,18-Aug,20-Aug,25-Aug,27-Aug,10:47,NA,NA,NA,NA,NA,NA,NA,NA,NA,NA,NA,Y,NA
177,12,A5_Greece,mel_GFP,A5_Greece,A5_Greece,GG,control,30-Aug,25-Aug,27-Aug,1-Sep,3-Sep,10:46,0,0,7,0,0,0,0,0,7,7,1,N,N
178,12,A7_Taiwan,mel_GFP,A5_Greece,A5_Greece,TG,control,30-Aug,25-Aug,27-Aug,1-Sep,3-Sep,10:46,33,2,44,8,32,8,13,18,89,107,0.831775701,N,Y
179,12,A5_Greece,mel_GFP,A5_Greece,yak_S09_L38,GG,treatment,30-Aug,25-Aug,27-Aug,1-Sep,3-Sep,10:46,49,6,7,0,5,0,1,6,13,19,0.684210526,N,Y
180,12,A7_Taiwan,mel_GFP,B4_California,B4_California,TC,control,30-Aug,25-Aug,27-Aug,1-Sep,3-Sep,10:46,13,25,0,27,0,3,0,55,0,55,0,N,N
181,12,A7_Taiwan,mel_GFP,B4_California,yak_S09_L38,TC,treatment,30-Aug,25-Aug,27-Aug,1-Sep,3-Sep,10:46,11,0,26,0,27,0,30,0,83,83,1,N,Y
182,12,B4_California,mel_GFP,B4_California,B4_California,CC,control,30-Aug,25-Aug,27-Aug,1-Sep,3-Sep,10:46,NA,NA,NA,NA,NA,NA,NA,NA,NA,NA,NA,Y,NA
183,12,B7_Malaysia,mel_GFP,A5_Greece,A5_Greece,MG,control,30-Aug,25-Aug,27-Aug,1-Sep,3-Sep,10:46,31,25,13,9,17,12,22,46,52,98,0.530612245,N,Y
184,12,B4_California,mel_GFP,A5_Greece,A5_Greece,CG,control,30-Aug,25-Aug,27-Aug,1-Sep,3-Sep,10:46,19,0,0,0,0,0,0,0,0,0,0,N,N
185,12,A5_Greece,mel_GFP,B4_California,yak_S09_L38,GC,treatment,30-Aug,25-Aug,27-Aug,1-Sep,3-Sep,10:46,NA,NA,NA,NA,NA,NA,NA,NA,NA,NA,NA,Y,NA
186,12,B7_Malaysia,mel_GFP,A5_Greece,yak_S09_L38,MG,treatment,30-Aug,25-Aug,27-Aug,1-Sep,3-Sep,10:46,38,21,13,22,17,3,39,46,69,115,0.6,N,Y
187,12,B7_Malaysia,mel_GFP,B4_California,B4_California,MC,control,30-Aug,25-Aug,27-Aug,1-Sep,3-Sep,10:46,30,11,35,6,41,0,34,17,110,127,0.866141732,N,Y
188,12,B4_California,mel_GFP,B4_California,yak_S09_L38,CC,treatment,30-Aug,25-Aug,27-Aug,1-Sep,3-Sep,10:46,20,7,10,3,14,2,5,12,29,41,0.707317073,N,Y
189,12,A7_Taiwan,mel_GFP,A5_Greece,yak_S09_L38,TG,treatment,30-Aug,25-Aug,27-Aug,1-Sep,3-Sep,10:46,28,5,17,20,17,1,6,26,40,66,0.606060606,N,Y
190,12,B4_California,mel_GFP,A5_Greece,yak_S09_L38,CG,treatment,30-Aug,25-Aug,27-Aug,1-Sep,3-Sep,10:46,17,0,0,2,1,1,6,3,7,10,0.7,N,Y
191,12,A5_Greece,mel_GFP,B4_California,B4_California,GC,control,30-Aug,25-Aug,27-Aug,1-Sep,3-Sep,10:46,0,0,30,0,0,0,1,0,31,31,1,N,N
192,12,B7_Malaysia,mel_GFP,B4_California,yak_S09_L38,MC,treatment,30-Aug,25-Aug,27-Aug,1-Sep,3-Sep,10:46,29,17,19,15,23,7,29,39,71,110,0.645454545,N,Y
193,13,A5_Greece,mel_GFP,A7_Taiwan,yak_S09_L38,GT,treatment,6-Sep,1-Sep,3-Sep,8-Sep,10-Sep,10:57,44,1,46,0,8,0,0,1,54,55,0.981818182,N,Y
194,13,B4_California,mel_GFP,B7_Malaysia,B7_Malaysia,CM,control,6-Sep,1-Sep,3-Sep,8-Sep,10-Sep,10:57,NA,NA,NA,NA,NA,NA,NA,NA,NA,NA,NA,Y,NA
195,13,B4_California,mel_GFP,A7_Taiwan,A7_Taiwan,CT,control,6-Sep,1-Sep,3-Sep,8-Sep,10-Sep,10:57,42,9,12,3,11,0,10,12,33,45,0.733333333,N,Y
196,13,A5_Greece,mel_GFP,B7_Malaysia,yak_S09_L38,GM,treatment,6-Sep,1-Sep,3-Sep,8-Sep,10-Sep,10:57,43,2,19,2,3,2,0,6,22,28,0.785714286,N,Y
197,13,A5_Greece,mel_GFP,A7_Taiwan,A7_Taiwan,GT,control,6-Sep,1-Sep,3-Sep,8-Sep,10-Sep,10:57,1,0,28,0,40,0,39,0,107,107,1,N,Y
198,13,B4_California,mel_GFP,B7_Malaysia,B7_Malaysia,CM,control,6-Sep,1-Sep,3-Sep,8-Sep,10-Sep,10:57,28,6,11,5,8,4,3,15,22,37,0.594594595,N,Y
199,13,B4_California,mel_GFP,A7_Taiwan,yak_S09_L38,CT,treatment,6-Sep,1-Sep,3-Sep,8-Sep,10-Sep,10:57,0,0,18,0,2,0,13,0,33,33,1,N,N
200,13,A5_Greece,mel_GFP,B7_Malaysia,B7_Malaysia,GM,control,6-Sep,1-Sep,3-Sep,8-Sep,10-Sep,10:57,8,12,8,6,1,18,0,36,9,45,0.2,N,Y
201,13,A5_Greece,mel_GFP,A7_Taiwan,yak_S09_L38,GT,treatment,6-Sep,1-Sep,3-Sep,8-Sep,10-Sep,10:57,NA,NA,NA,NA,NA,NA,NA,NA,NA,NA,NA,Y,NA
202,13,B4_California,mel_GFP,B7_Malaysia,yak_S09_L38,CM,treatment,6-Sep,1-Sep,3-Sep,8-Sep,10-Sep,10:57,6,0,0,0,0,0,0,0,0,0,0,N,N
203,13,B4_California,mel_GFP,B7_Malaysia,yak_S09_L38,CM,treatment,6-Sep,1-Sep,3-Sep,8-Sep,10-Sep,10:57,13,0,0,0,0,0,0,0,0,0,0,N,N
204,13,A5_Greece,mel_GFP,A7_Taiwan,A7_Taiwan,GT,control,6-Sep,1-Sep,3-Sep,8-Sep,10-Sep,10:57,10,0,45,0,46,0,48,0,139,139,1,N,Y
205,13,A5_Greece,mel_GFP,B7_Malaysia,yak_S09_L38,GM,treatment,6-Sep,1-Sep,3-Sep,8-Sep,10-Sep,10:57,0,0,37,0,0,0,0,0,37,37,1,N,N
206,13,B4_California,mel_GFP,A7_Taiwan,yak_S09_L38,CT,treatment,6-Sep,1-Sep,3-Sep,8-Sep,10-Sep,10:57,28,21,6,17,5,12,6,50,17,67,0.253731343,N,Y
207,13,A5_Greece,mel_GFP,B7_Malaysia,B7_Malaysia,GM,control,6-Sep,1-Sep,3-Sep,8-Sep,10-Sep,10:57,45,9,43,7,42,0,19,16,104,120,0.866666667,N,Y
208,13,B4_California,mel_GFP,A7_Taiwan,A7_Taiwan,CT,control,6-Sep,1-Sep,3-Sep,8-Sep,10-Sep,10:57,NA,NA,NA,NA,NA,NA,NA,NA,NA,NA,NA,Y,NA
209,14,B4_California,mel_GFP,A5_Greece,A5_Greece,CG,control,13-Sep,8-Sep,10-Sep,15-Sep,17-Sep,10:43,29,11,12,4,6,2,4,17,22,39,0.564102564,N,Y
210,14,B7_Malaysia,mel_GFP,A5_Greece,A5_Greece,MG,control,13-Sep,8-Sep,10-Sep,15-Sep,17-Sep,10:43,53,33,14,9,31,7,30,49,75,124,0.60483871,N,Y
211,14,A5_Greece,mel_GFP,A7_Taiwan,yak_S09_L38,GT,treatment,13-Sep,8-Sep,10-Sep,15-Sep,17-Sep,10:43,15,0,34,0,36,0,1,0,71,71,1,N,Y
212,14,B7_Malaysia,mel_GFP,A5_Greece,yak_S09_L38,MG,treatment,13-Sep,8-Sep,10-Sep,15-Sep,17-Sep,10:43,52,17,33,1,3,0,0,18,36,54,0.666666667,N,Y
213,14,B4_California,mel_GFP,A7_Taiwan,A7_Taiwan,CT,control,13-Sep,8-Sep,10-Sep,15-Sep,17-Sep,10:43,15,0,0,0,0,0,0,0,0,0,0,N,N
214,14,A5_Greece,mel_GFP,A5_Greece,yak_S09_L38,GG,treatment,13-Sep,8-Sep,10-Sep,15-Sep,17-Sep,10:43,75,5,6,0,3,0,0,5,9,14,0.642857143,N,Y
215,14,A5_Greece,mel_GFP,A7_Taiwan,A7_Taiwan,GT,control,13-Sep,8-Sep,10-Sep,15-Sep,17-Sep,10:43,43,51,0,0,0,0,0,51,0,51,0,N,N
216,14,B4_California,mel_GFP,A7_Taiwan,yak_S09_L38,CT,treatment,13-Sep,8-Sep,10-Sep,15-Sep,17-Sep,10:43,19,0,0,0,0,0,0,0,0,0,0,N,N
217,14,B4_California,mel_GFP,A7_Taiwan,yak_S09_L38,CT,treatment,13-Sep,8-Sep,10-Sep,15-Sep,17-Sep,10:43,15,0,0,0,,0,0,0,0,0,0,N,N
218,14,A7_Taiwan,mel_GFP,A5_Greece,yak_S09_L38,TG,treatment,13-Sep,8-Sep,10-Sep,15-Sep,17-Sep,10:43,43,19,17,7,25,14,19,40,61,101,0.603960396,N,Y
219,14,A7_Taiwan,mel_GFP,A5_Greece,A5_Greece,TG,control,13-Sep,8-Sep,10-Sep,15-Sep,17-Sep,10:43,49,38,2,48,1,23,6,109,9,118,0.076271186,N,Y
220,14,A5_Greece,mel_GFP,A5_Greece,A5_Greece,GG,control,13-Sep,8-Sep,10-Sep,15-Sep,17-Sep,10:43,0,0,12,0,0,0,0,0,12,12,1,N,N
221,14,B4_California,mel_GFP,A7_Taiwan,A7_Taiwan,CT,control,13-Sep,8-Sep,10-Sep,15-Sep,17-Sep,10:43,49,27,5,18,4,11,1,56,10,66,0.151515152,N,Y
222,14,A5_Greece,mel_GFP,A7_Taiwan,yak_S09_L38,GT,treatment,13-Sep,8-Sep,10-Sep,15-Sep,17-Sep,10:43,0,0,11,0,0,0,0,0,11,11,1,N,N
223,14,A5_Greece,mel_GFP,A7_Taiwan,A7_Taiwan,GT,control,13-Sep,8-Sep,10-Sep,15-Sep,17-Sep,10:43,21,0,6,0,1,0,1,0,8,8,1,N,Y
224,14,B4_California,mel_GFP,A5_Greece,yak_S09_L38,CG,treatment,13-Sep,8-Sep,10-Sep,15-Sep,17-Sep,10:43,3,27,0,18,0,23,0,68,0,68,0,N,N
225,15,B7_Malaysia,mel_GFP,B4_California,yak_S09_L38,MC,treatment,20-Sep,15-Sep,17-Sep,22-Sep,24-Sep,11:03,42,0,40,1,42,0,36,1,118,119,0.991596639,N,Y
226,15,B4_California,mel_GFP,A7_Taiwan,A7_Taiwan,CT,control,20-Sep,15-Sep,17-Sep,22-Sep,24-Sep,11:03,41,4,5,17,11,10,11,31,27,58,0.465517241,N,Y
227,15,A5_Greece,mel_GFP,A7_Taiwan,A7_Taiwan,GT,control,20-Sep,15-Sep,17-Sep,22-Sep,24-Sep,11:03,NA,NA,NA,NA,NA,NA,NA,NA,NA,NA,NA,Y,NA
228,15,B4_California,mel_GFP,A7_Taiwan,yak_S09_L38,CT,treatment,20-Sep,15-Sep,17-Sep,22-Sep,24-Sep,11:03,25,0,0,0,0,0,0,0,0,0,0,N,N
229,15,B4_California,mel_GFP,B4_California,yak_S09_L38,CC,treatment,20-Sep,15-Sep,17-Sep,22-Sep,24-Sep,11:03,32,1,2,0,6,0,9,1,17,18,0.944444444,N,Y
230,15,B4_California,mel_GFP,B4_California,B4_California,CC,control,20-Sep,15-Sep,17-Sep,22-Sep,24-Sep,11:03,NA,NA,NA,NA,NA,NA,NA,NA,NA,NA,NA,Y,NA
231,15,A5_Greece,mel_GFP,B4_California,yak_S09_L38,GC,treatment,20-Sep,15-Sep,17-Sep,22-Sep,24-Sep,11:03,61,0,0,0,0,0,0,0,0,0,0,N,N
232,15,B4_California,mel_GFP,A7_Taiwan,A7_Taiwan,CT,control,20-Sep,15-Sep,17-Sep,22-Sep,24-Sep,11:03,NA,NA,NA,NA,NA,NA,NA,NA,NA,NA,NA,Y,NA
233,15,A5_Greece,mel_GFP,B4_California,B4_California,GC,control,20-Sep,15-Sep,17-Sep,22-Sep,24-Sep,11:03,2,0,0,0,0,0,0,0,0,0,0,N,N
234,15,B7_Malaysia,mel_GFP,B4_California,B4_California,MC,control,20-Sep,15-Sep,17-Sep,22-Sep,24-Sep,11:03,56,12,32,22,29,12,38,46,99,145,0.682758621,N,Y
235,15,A5_Greece,mel_GFP,A7_Taiwan,A7_Taiwan,GT,control,20-Sep,15-Sep,17-Sep,22-Sep,24-Sep,11:03,NA,NA,NA,NA,NA,NA,NA,NA,NA,NA,NA,Y,NA
236,15,A5_Greece,mel_GFP,A7_Taiwan,yak_S09_L38,GT,treatment,20-Sep,15-Sep,17-Sep,22-Sep,24-Sep,11:03,24,0,39,0,7,0,0,0,46,46,1,N,Y
237,15,B4_California,mel_GFP,A7_Taiwan,yak_S09_L38,CT,treatment,20-Sep,15-Sep,17-Sep,22-Sep,24-Sep,11:03,27,1,2,0,2,0,0,1,4,5,0.8,N,Y
238,15,A7_Taiwan,mel_GFP,B4_California,B4_California,TC,control,20-Sep,15-Sep,17-Sep,22-Sep,24-Sep,11:03,36,3,41,8,42,1,23,12,106,118,0.898305085,N,Y
239,15,A5_Greece,mel_GFP,A7_Taiwan,yak_S09_L38,GT,treatment,20-Sep,15-Sep,17-Sep,22-Sep,24-Sep,11:03,33,0,81,0,60,0,31,0,172,172,1,N,Y
240,15,A7_Taiwan,mel_GFP,B4_California,yak_S09_L38,TC,treatment,20-Sep,15-Sep,17-Sep,22-Sep,24-Sep,11:03,NA,NA,NA,NA,NA,NA,NA,NA,NA,NA,NA,Y,NA
241,16,A5_Greece,mel_GFP,B7_Malaysia,B7_Malaysia,GM,control,4-Oct,29-Sep,1-Oct,6-Oct,8-Oct,10:57,NA,NA,NA,NA,NA,NA,NA,NA,NA,NA,NA,Y,NA
242,16,A5_Greece,mel_GFP,B7_Malaysia,B7_Malaysia,GM,control,4-Oct,29-Sep,1-Oct,6-Oct,8-Oct,10:57,26,39,0,8,0,0,0,47,0,47,0,N,N
243,16,B4_California,mel_GFP,B7_Malaysia,B7_Malaysia,CM,control,4-Oct,29-Sep,1-Oct,6-Oct,8-Oct,10:57,16,0,0,0,0,0,0,0,0,0,0,N,N
244,16,B4_California,mel_GFP,B7_Malaysia,B7_Malaysia,CM,control,4-Oct,29-Sep,1-Oct,6-Oct,8-Oct,10:57,11,0,0,7,0,0,0,7,0,7,0,N,N
245,16,A5_Greece,mel_GFP,B7_Malaysia,yak_S09_L38,GM,treatment,4-Oct,29-Sep,1-Oct,6-Oct,8-Oct,10:57,0,0,46,0,9,0,0,0,55,55,1,N,N
246,16,A7_Taiwan,mel_GFP,A5_Greece,A5_Greece,TG,control,4-Oct,29-Sep,1-Oct,6-Oct,8-Oct,10:57,28,36,0,29,0,37,0,102,0,102,0,N,N
247,16,A7_Taiwan,mel_GFP,A5_Greece,yak_S09_L38,TG,treatment,4-Oct,29-Sep,1-Oct,6-Oct,8-Oct,10:57,30,31,0,39,0,45,0,115,0,115,0,N,N
248,16,B7_Malaysia,mel_GFP,A5_Greece,yak_S09_L38,MG,treatment,4-Oct,29-Sep,1-Oct,6-Oct,8-Oct,10:57,55,57,0,52,0,54,0,163,0,163,0,N,N
249,16,B4_California,mel_GFP,A5_Greece,A5_Greece,CG,control,4-Oct,29-Sep,1-Oct,6-Oct,8-Oct,10:57,NA,NA,NA,NA,NA,NA,NA,NA,NA,NA,NA,Y,NA
250,16,B4_California,mel_GFP,A5_Greece,yak_S09_L38,CG,treatment,4-Oct,29-Sep,1-Oct,6-Oct,8-Oct,10:57,27,13,10,14,12,5,13,32,35,67,0.52238806,N,Y
251,16,A5_Greece,mel_GFP,A5_Greece,A5_Greece,GG,control,4-Oct,29-Sep,1-Oct,6-Oct,8-Oct,10:57,15,10,0,17,0,4,0,31,0,31,0,N,N
252,16,B4_California,mel_GFP,B7_Malaysia,yak_S09_L38,CM,treatment,4-Oct,29-Sep,1-Oct,6-Oct,8-Oct,10:57,0,2,0,2,0,0,0,4,0,4,0,N,N
253,16,A5_Greece,mel_GFP,B7_Malaysia,yak_S09_L38,GM,treatment,4-Oct,29-Sep,1-Oct,6-Oct,8-Oct,10:57,NA,NA,NA,NA,NA,NA,NA,NA,NA,NA,NA,Y,NA
254,16,B7_Malaysia,mel_GFP,A5_Greece,A5_Greece,MG,control,4-Oct,29-Sep,1-Oct,6-Oct,8-Oct,10:57,45,9,30,1,41,1,27,11,98,109,0.899082569,N,Y
255,16,B4_California,mel_GFP,B7_Malaysia,yak_S09_L38,CM,treatment,4-Oct,29-Sep,1-Oct,6-Oct,8-Oct,10:57,33,21,9,11,0,3,0,35,9,44,0.204545455,N,Y
256,16,A5_Greece,mel_GFP,A5_Greece,yak_S09_L38,GG,treatment,4-Oct,29-Sep,1-Oct,6-Oct,8-Oct,10:57,0,0,0,0,0,0,0,0,0,0,0,N,N
257,17,B4_California,mel_GFP,B4_California,B4_California,CC,control,11-Oct,6-Oct,8-Oct,13-Oct,15-Oct,11:27,NA,NA,NA,NA,NA,NA,NA,NA,NA,NA,NA,Y,NA
258,17,B4_California,mel_GFP,B7_Malaysia,B7_Malaysia,CM,control,11-Oct,6-Oct,8-Oct,13-Oct,15-Oct,11:27,NA,NA,NA,NA,NA,NA,NA,NA,NA,NA,NA,Y,NA
259,17,B7_Malaysia,mel_GFP,B4_California,B4_California,MC,control,11-Oct,6-Oct,8-Oct,13-Oct,15-Oct,11:27,42,7,40,3,30,1,41,11,111,122,0.909836066,N,Y
260,17,A5_Greece,mel_GFP,B7_Malaysia,B7_Malaysia,GM,control,11-Oct,6-Oct,8-Oct,13-Oct,15-Oct,11:27,21,42,23,24,8,11,0,77,31,108,0.287037037,N,Y
261,17,A5_Greece,mel_GFP,B7_Malaysia,B7_Malaysia,GM,control,11-Oct,6-Oct,8-Oct,13-Oct,15-Oct,11:27,25,33,10,2,1,6,1,41,12,53,0.226415094,N,Y
262,17,B4_California,mel_GFP,B7_Malaysia,yak_S09_L38,CM,treatment,11-Oct,6-Oct,8-Oct,13-Oct,15-Oct,11:27,NA,NA,NA,NA,NA,NA,NA,NA,NA,NA,NA,Y,NA
263,17,B4_California,mel_GFP,B7_Malaysia,yak_S09_L38,CM,treatment,11-Oct,6-Oct,8-Oct,13-Oct,15-Oct,11:27,30,5,23,5,22,2,10,12,55,67,0.820895522,N,Y
264,17,B4_California,mel_GFP,B7_Malaysia,B7_Malaysia,CM,control,11-Oct,6-Oct,8-Oct,13-Oct,15-Oct,11:27,NA,NA,NA,NA,NA,NA,NA,NA,NA,NA,NA,Y,NA
265,17,A5_Greece,mel_GFP,B4_California,B4_California,GC,control,11-Oct,6-Oct,8-Oct,13-Oct,15-Oct,11:27,0,0,5,0,0,0,0,0,5,5,1,N,N
266,17,A7_Taiwan,mel_GFP,B4_California,yak_S09_L38,TC,treatment,11-Oct,6-Oct,8-Oct,13-Oct,15-Oct,11:27,10,1,30,0,19,0,6,1,55,56,0.982142857,N,Y
267,17,A5_Greece,mel_GFP,B7_Malaysia,yak_S09_L38,GM,treatment,11-Oct,6-Oct,8-Oct,13-Oct,15-Oct,11:27,18,0,41,0,16,0,14,0,71,71,1,N,Y
268,17,A5_Greece,mel_GFP,B4_California,yak_S09_L38,GC,treatment,11-Oct,6-Oct,8-Oct,13-Oct,15-Oct,11:27,10,0,0,0,0,0,0,0,0,0,0,N,N
269,17,B7_Malaysia,mel_GFP,B4_California,yak_S09_L38,MC,treatment,11-Oct,6-Oct,8-Oct,13-Oct,15-Oct,11:27,34,6,45,8,36,3,42,17,123,140,0.878571429,N,Y
270,17,A7_Taiwan,mel_GFP,B4_California,B4_California,TC,control,11-Oct,6-Oct,8-Oct,13-Oct,15-Oct,11:27,8,0,22,0,23,2,4,2,49,51,0.960784314,N,Y
271,17,A5_Greece,mel_GFP,B7_Malaysia,yak_S09_L38,GM,treatment,11-Oct,6-Oct,8-Oct,13-Oct,15-Oct,11:27,7,30,0,35,0,28,0,93,0,93,0,N,N
272,17,B4_California,mel_GFP,B4_California,yak_S09_L38,CC,treatment,11-Oct,6-Oct,8-Oct,13-Oct,15-Oct,11:27,NA,NA,NA,NA,NA,NA,NA,NA,NA,NA,NA,Y,NA
273,18,A7_Taiwan,mel_GFP,B4_California,B4_California,TC,control,18-Oct,13-Oct,15-Oct,20-Oct,22-Oct,11:09,26,40,0,31,0,30,0,101,0,101,0,N,N
274,18,B7_Malaysia,mel_GFP,A5_Greece,A5_Greece,MG,control,18-Oct,13-Oct,15-Oct,20-Oct,22-Oct,11:09,38,39,5,27,12,9,9,75,26,101,0.257425743,N,Y
275,18,A5_Greece,mel_GFP,A5_Greece,A5_Greece,GG,control,18-Oct,13-Oct,15-Oct,20-Oct,22-Oct,11:09,67,0,0,0,0,0,0,0,0,0,0,N,N
276,18,B7_Malaysia,mel_GFP,B4_California,yak_S09_L38,MC,treatment,18-Oct,13-Oct,15-Oct,20-Oct,22-Oct,11:09,38,7,36,3,30,0,13,10,79,89,0.887640449,N,Y
277,18,A7_Taiwan,mel_GFP,A5_Greece,A5_Greece,TG,control,18-Oct,13-Oct,15-Oct,20-Oct,22-Oct,11:09,17,23,0,23,0,21,0,67,0,67,0,N,N
278,18,B4_California,mel_GFP,A5_Greece,yak_S09_L38,CG,treatment,18-Oct,13-Oct,15-Oct,20-Oct,22-Oct,11:09,34,23,15,0,0,0,0,23,15,38,0.394736842,N,Y
279,18,B4_California,mel_GFP,A5_Greece,A5_Greece,CG,control,18-Oct,13-Oct,15-Oct,20-Oct,22-Oct,11:09,NA,NA,NA,NA,NA,NA,NA,NA,NA,NA,NA,Y,NA
280,18,A7_Taiwan,mel_GFP,A5_Greece,yak_S09_L38,TG,treatment,18-Oct,13-Oct,15-Oct,20-Oct,22-Oct,11:09,NA,NA,NA,NA,NA,NA,NA,NA,NA,NA,NA,Y,NA
281,18,B4_California,mel_GFP,B4_California,B4_California,CC,control,18-Oct,13-Oct,15-Oct,20-Oct,22-Oct,11:09,NA,NA,NA,NA,NA,NA,NA,NA,NA,NA,NA,Y,NA
282,18,B4_California,mel_GFP,B4_California,yak_S09_L38,CC,treatment,18-Oct,13-Oct,15-Oct,20-Oct,22-Oct,11:09,NA,NA,NA,NA,NA,NA,NA,NA,NA,NA,NA,Y,NA
283,18,A5_Greece,mel_GFP,B4_California,yak_S09_L38,GC,treatment,18-Oct,13-Oct,15-Oct,20-Oct,22-Oct,11:09,30,36,0,11,0,10,0,57,0,57,0,N,N
284,18,A7_Taiwan,mel_GFP,B4_California,yak_S09_L38,TC,treatment,18-Oct,13-Oct,15-Oct,20-Oct,22-Oct,11:09,13,0,3,5,18,1,12,6,33,39,0.846153846,N,Y
285,18,B7_Malaysia,mel_GFP,B4_California,B4_California,MC,control,18-Oct,13-Oct,15-Oct,20-Oct,22-Oct,11:09,34,17,26,11,23,4,20,32,69,101,0.683168317,N,Y
286,18,A5_Greece,mel_GFP,A5_Greece,yak_S09_L38,GG,treatment,18-Oct,13-Oct,15-Oct,20-Oct,22-Oct,11:09,48,6,3,1,0,0,0,7,3,10,0.3,N,Y
287,18,B7_Malaysia,mel_GFP,A5_Greece,yak_S09_L38,MG,treatment,18-Oct,13-Oct,15-Oct,20-Oct,22-Oct,11:09,34,13,23,5,28,2,28,20,79,99,0.797979798,N,Y
288,18,A5_Greece,mel_GFP,B4_California,B4_California,GC,control,18-Oct,13-Oct,15-Oct,20-Oct,22-Oct,11:09,12,0,0,0,0,0,0,0,0,0,0,N,N
289,19,B7_Malaysia,mel_GFP,B4_California,B4_California,MC,control,25-Oct,20-Oct,22-Oct,27-Oct,29-Oct,11:24,31,30,0,38,0,33,0,101,0,101,0,N,N
290,19,B7_Malaysia,mel_GFP,A5_Greece,yak_S09_L38,MG,treatment,25-Oct,20-Oct,22-Oct,27-Oct,29-Oct,11:24,39,39,0,37,0,35,0,111,0,111,0,N,N
291,19,A5_Greece,mel_GFP,B4_California,yak_S09_L38,GC,treatment,25-Oct,20-Oct,22-Oct,27-Oct,29-Oct,11:24,1,6,0,8,0,0,0,14,0,14,0,N,N
292,19,B7_Malaysia,mel_GFP,A5_Greece,A5_Greece,MG,control,25-Oct,20-Oct,22-Oct,27-Oct,29-Oct,11:24,28,30,1,28,2,26,6,84,9,93,0.096774194,N,Y
293,19,B7_Malaysia,mel_GFP,B4_California,yak_S09_L38,MC,treatment,25-Oct,20-Oct,22-Oct,27-Oct,29-Oct,11:24,39,0,33,0,41,0,31,0,105,105,1,N,Y
294,19,B4_California,mel_GFP,B4_California,yak_S09_L38,CC,treatment,25-Oct,20-Oct,22-Oct,27-Oct,29-Oct,11:24,0,0,20,0,18,0,14,0,52,52,1,N,N
295,19,B4_California,mel_GFP,A5_Greece,A5_Greece,CG,control,25-Oct,20-Oct,22-Oct,27-Oct,29-Oct,11:24,22,5,16,7,10,4,3,16,29,45,0.644444444,N,Y
296,19,B4_California,mel_GFP,B4_California,B4_California,CC,control,25-Oct,20-Oct,22-Oct,27-Oct,29-Oct,11:24,18,0,0,0,0,0,0,0,0,0,0,N,N
297,19,A7_Taiwan,mel_GFP,B4_California,B4_California,TC,control,25-Oct,20-Oct,22-Oct,27-Oct,29-Oct,11:24,31,4,29,7,28,4,22,15,79,94,0.840425532,N,Y
298,19,A7_Taiwan,mel_GFP,A5_Greece,yak_S09_L38,TG,treatment,25-Oct,20-Oct,22-Oct,27-Oct,29-Oct,11:24,25,6,0,0,0,0,0,6,0,6,0,N,N
299,19,A5_Greece,mel_GFP,A5_Greece,yak_S09_L38,GG,treatment,25-Oct,20-Oct,22-Oct,27-Oct,29-Oct,11:24,0,0,1,0,0,0,0,0,1,1,1,N,N
300,19,B4_California,mel_GFP,A5_Greece,yak_S09_L38,CG,treatment,25-Oct,20-Oct,22-Oct,27-Oct,29-Oct,11:24,NA,NA,NA,NA,NA,NA,NA,NA,NA,NA,NA,Y,NA
301,19,A5_Greece,mel_GFP,A5_Greece,A5_Greece,GG,control,25-Oct,20-Oct,22-Oct,27-Oct,29-Oct,11:24,NA,NA,NA,NA,NA,NA,NA,NA,NA,NA,NA,Y,NA
302,19,A7_Taiwan,mel_GFP,B4_California,yak_S09_L38,TC,treatment,25-Oct,20-Oct,22-Oct,27-Oct,29-Oct,11:24,24,0,12,13,24,7,22,20,58,78,0.743589744,N,Y
303,19,A7_Taiwan,mel_GFP,A5_Greece,A5_Greece,TG,control,25-Oct,20-Oct,22-Oct,27-Oct,29-Oct,11:24,23,16,0,27,0,25,0,68,0,68,0,N,N
304,19,A5_Greece,mel_GFP,B4_California,B4_California,GC,control,25-Oct,20-Oct,22-Oct,27-Oct,29-Oct,11:24,0,0,0,0,4,0,0,0,4,4,1,N,N
305,20,B4_California,mel_GFP,B4_California,yak_S09_L38,CC,treatment,8-Nov,3-Nov,5-Nov,10-Nov,12-Nov,11:51,25,4,19,4,8,1,9,9,36,45,0.8,N,Y
306,20,A5_Greece,mel_GFP,B4_California,yak_S09_L38,GC,treatment,8-Nov,3-Nov,5-Nov,10-Nov,12-Nov,11:51,17,0,18,0,1,0,0,0,19,19,1,N,Y
307,20,B4_California,mel_GFP,A5_Greece,A5_Greece,CG,control,8-Nov,3-Nov,5-Nov,10-Nov,12-Nov,11:51,36,16,0,1,0,3,0,20,0,20,0,N,N
308,20,B7_Malaysia,mel_GFP,A5_Greece,A5_Greece,MG,control,8-Nov,3-Nov,5-Nov,10-Nov,12-Nov,11:51,0,0,22,0,15,0,2,0,39,39,1,N,N
309,20,B4_California,mel_GFP,A5_Greece,yak_S09_L38,CG,treatment,8-Nov,3-Nov,5-Nov,10-Nov,12-Nov,11:51,5,0,0,0,0,0,0,0,0,0,0,N,N
310,20,B7_Malaysia,mel_GFP,B4_California,B4_California,MC,control,8-Nov,3-Nov,5-Nov,10-Nov,12-Nov,11:51,0,0,19,0,22,0,30,0,71,71,1,N,N
311,20,B4_California,mel_GFP,B4_California,B4_California,CC,control,8-Nov,3-Nov,5-Nov,10-Nov,12-Nov,11:51,25,0,1,0,1,0,2,0,4,4,1,N,N
312,20,A5_Greece,mel_GFP,A5_Greece,yak_S09_L38,GG,treatment,8-Nov,3-Nov,5-Nov,10-Nov,12-Nov,11:51,33,20,0,52,0,40,0,112,0,112,0,N,N
313,20,B7_Malaysia,mel_GFP,B4_California,yak_S09_L38,MC,treatment,8-Nov,3-Nov,5-Nov,10-Nov,12-Nov,11:51,0,0,30,0,29,0,23,0,82,82,1,N,N
314,20,A7_Taiwan,mel_GFP,B4_California,B4_California,TC,control,8-Nov,3-Nov,5-Nov,10-Nov,12-Nov,11:51,22,30,0,23,0,8,0,61,0,61,0,N,N
315,20,A7_Taiwan,mel_GFP,A5_Greece,A5_Greece,TG,control,8-Nov,3-Nov,5-Nov,10-Nov,12-Nov,11:51,22,26,0,31,0,21,0,78,0,78,0,N,N
316,20,A5_Greece,mel_GFP,B4_California,B4_California,GC,control,8-Nov,3-Nov,5-Nov,10-Nov,12-Nov,11:51,0,1,7,0,3,0,0,1,10,11,0.909090909,N,Y
317,20,A7_Taiwan,mel_GFP,B4_California,yak_S09_L38,TC,treatment,8-Nov,3-Nov,5-Nov,10-Nov,12-Nov,11:51,19,6,20,9,17,4,18,19,55,74,0.743243243,N,Y
318,20,A5_Greece,mel_GFP,A5_Greece,A5_Greece,GG,control,8-Nov,3-Nov,5-Nov,10-Nov,12-Nov,11:51,1,0,0,0,0,4,0,4,0,4,0,N,N
319,20,B7_Malaysia,mel_GFP,A5_Greece,yak_S09_L38,MG,treatment,8-Nov,3-Nov,5-Nov,10-Nov,12-Nov,11:51,0,0,10,0,0,0,1,0,11,11,1,N,N
320,20,A7_Taiwan,mel_GFP,A5_Greece,yak_S09_L38,TG,treatment,8-Nov,3-Nov,5-Nov,10-Nov,12-Nov,11:51,4,12,0,33,0,16,0,61,0,61,0,N,N
321,21,A5_Greece,mel_GFP,B4_California,yak_S09_L38,GC,treatment,24-Jan,19-Jan,21-Jan,26-Jan,28-Jan,10:56,19,6,0,22,0,5,0,33,0,33,0,N,N
322,21,A5_Greece,mel_GFP,A5_Greece,yak_S09_L38,GG,treatment,24-Jan,19-Jan,21-Jan,26-Jan,28-Jan,10:56,44,12,2,0,0,0,0,12,2,14,0.142857143,N,Y
323,21,B4_California,mel_GFP,A5_Greece,yak_S09_L38,CG,treatment,24-Jan,19-Jan,21-Jan,26-Jan,28-Jan,10:56,NA,NA,NA,NA,NA,NA,NA,NA,NA,NA,NA,Y,NA
324,21,A5_Greece,mel_GFP,A5_Greece,A5_Greece,GG,control,24-Jan,19-Jan,21-Jan,26-Jan,28-Jan,10:56,59,3,0,53,0,29,0,85,0,85,0,N,N
325,21,B4_California,mel_GFP,B4_California,yak_S09_L38,CC,treatment,24-Jan,19-Jan,21-Jan,26-Jan,28-Jan,10:56,36,0,16,0,13,1,12,1,41,42,0.976190476,N,Y
326,21,B4_California,mel_GFP,A5_Greece,A5_Greece,CG,control,24-Jan,19-Jan,21-Jan,26-Jan,28-Jan,10:56,NA,NA,NA,NA,NA,NA,NA,NA,NA,NA,NA,Y,NA
327,21,A5_Greece,mel_GFP,B4_California,yak_S09_L38,GC,treatment,24-Jan,19-Jan,21-Jan,26-Jan,28-Jan,10:56,36,21,16,0,44,0,32,21,92,113,0.814159292,N,Y
328,21,A5_Greece,mel_GFP,B4_California,B4_California,GC,control,24-Jan,19-Jan,21-Jan,26-Jan,28-Jan,10:56,NA,NA,NA,NA,NA,NA,NA,NA,NA,NA,NA,Y,NA
329,21,B4_California,mel_GFP,B4_California,yak_S09_L38,CC,treatment,24-Jan,19-Jan,21-Jan,26-Jan,28-Jan,10:56,2,0,0,0,0,0,0,0,0,0,0,N,N
330,21,A5_Greece,mel_GFP,B4_California,B4_California,GC,control,24-Jan,19-Jan,21-Jan,26-Jan,28-Jan,10:56,27,0,17,0,1,0,0,0,18,18,1,N,Y
331,21,A5_Greece,mel_GFP,A5_Greece,A5_Greece,GG,control,24-Jan,19-Jan,21-Jan,26-Jan,28-Jan,10:56,26,22,0,42,0,24,0,88,0,88,0,N,N
332,21,B4_California,mel_GFP,B4_California,B4_California,CC,control,24-Jan,19-Jan,21-Jan,26-Jan,28-Jan,10:56,NA,NA,NA,NA,NA,NA,NA,NA,NA,NA,NA,Y,NA
333,21,A7_Taiwan,mel_GFP,A5_Greece,yak_S09_L38,TG,treatment,24-Jan,19-Jan,21-Jan,26-Jan,28-Jan,10:56,24,13,14,18,21,13,14,44,49,93,0.52688172,N,Y
334,21,B7_Malaysia,mel_GFP,A5_Greece,yak_S09_L38,MG,treatment,24-Jan,19-Jan,21-Jan,26-Jan,28-Jan,10:56,40,30,13,32,21,18,19,80,53,133,0.398496241,N,Y
335,21,B4_California,mel_GFP,B4_California,B4_California,CC,control,24-Jan,19-Jan,21-Jan,26-Jan,28-Jan,10:56,5,2,4,0,3,0,1,2,8,10,0.8,N,Y
336,21,A7_Taiwan,mel_GFP,A5_Greece,A5_Greece,TG,control,24-Jan,19-Jan,21-Jan,26-Jan,28-Jan,10:56,19,11,0,34,0,31,0,76,0,76,0,N,N
337,22,B4_California,mel_GFP,A5_Greece,yak_S09_L38,CG,treatment,31-Jan,26-Jan,28-Jan,2-Feb,4-Feb,11:31,16,22,1,10,1,15,0,47,2,49,0.040816327,N,Y
338,22,B4_California,mel_GFP,A5_Greece,A5_Greece,CG,control,31-Jan,26-Jan,28-Jan,2-Feb,4-Feb,11:31,17,14,1,25,6,4,5,43,12,55,0.218181818,N,Y
339,22,A5_Greece,mel_GFP,A5_Greece,yak_S09_L38,GG,treatment,31-Jan,26-Jan,28-Jan,2-Feb,4-Feb,11:31,45,48,0,64,0,32,0,144,0,144,0,N,N
340,22,B7_Malaysia,mel_GFP,B7_Malaysia,B7_Malaysia,MM,control,31-Jan,26-Jan,28-Jan,2-Feb,4-Feb,11:31,30,36,0,37,0,34,0,107,0,107,0,N,N
341,22,A5_Greece,mel_GFP,B7_Malaysia,B7_Malaysia,GM,control,31-Jan,26-Jan,28-Jan,2-Feb,4-Feb,11:31,0,0,20,0,18,0,2,0,40,40,1,N,N
342,22,A5_Greece,mel_GFP,A5_Greece,A5_Greece,GG,control,31-Jan,26-Jan,28-Jan,2-Feb,4-Feb,11:31,NA,NA,NA,NA,NA,NA,NA,NA,NA,NA,NA,Y,NA
343,22,B4_California,mel_GFP,B7_Malaysia,yak_S09_L38,CM,treatment,31-Jan,26-Jan,28-Jan,2-Feb,4-Feb,11:31,27,6,27,2,16,5,15,13,58,71,0.816901408,N,Y
344,22,A5_Greece,mel_GFP,A5_Greece,yak_S09_L38,GG,treatment,31-Jan,26-Jan,28-Jan,2-Feb,4-Feb,11:31,20,27,0,35,0,1,0,63,0,63,0,N,N
345,22,B4_California,mel_GFP,B7_Malaysia,B7_Malaysia,CM,control,31-Jan,26-Jan,28-Jan,2-Feb,4-Feb,11:31,NA,NA,NA,NA,NA,NA,NA,NA,NA,NA,NA,Y,NA
346,22,B4_California,mel_GFP,B7_Malaysia,B7_Malaysia,CM,control,31-Jan,26-Jan,28-Jan,2-Feb,4-Feb,11:31,25,0,0,0,0,0,0,0,0,0,0,N,N
347,22,A5_Greece,mel_GFP,B7_Malaysia,yak_S09_L38,GM,treatment,31-Jan,26-Jan,28-Jan,2-Feb,4-Feb,11:31,0,0,71,0,2,0,5,0,78,78,1,N,N
348,22,A5_Greece,mel_GFP,A5_Greece,A5_Greece,GG,control,31-Jan,26-Jan,28-Jan,2-Feb,4-Feb,11:31,0,0,0,0,0,0,0,0,0,0,0,N,N
349,22,B7_Malaysia,mel_GFP,B7_Malaysia,B7_Malaysia,MM,control,31-Jan,26-Jan,28-Jan,2-Feb,4-Feb,11:31,32,35,2,34,13,32,9,101,24,125,0.192,N,Y
350,22,B4_California,mel_GFP,B7_Malaysia,yak_S09_L38,CM,treatment,31-Jan,26-Jan,28-Jan,2-Feb,4-Feb,11:31,24,21,0,28,0,21,0,70,0,70,0,N,N
351,22,A7_Taiwan,mel_GFP,A5_Greece,yak_S09_L38,TG,treatment,31-Jan,26-Jan,28-Jan,2-Feb,4-Feb,11:31,20,13,12,29,8,24,14,66,34,100,0.34,N,Y
352,22,A7_Taiwan,mel_GFP,A5_Greece,A5_Greece,TG,control,31-Jan,26-Jan,28-Jan,2-Feb,4-Feb,11:31,24,35,3,29,6,20,20,84,29,113,0.256637168,N,Y
353,23,A5_Greece,mel_GFP,A7_Taiwan,A7_Taiwan,GT,control,7-Feb,2-Feb,4-Feb,9-Feb,11-Feb,10:37,20,35,0,2,0,0,0,37,0,37,0,N,N
354,23,A5_Greece,mel_GFP,A7_Taiwan,A7_Taiwan,GT,control,7-Feb,2-Feb,4-Feb,9-Feb,11-Feb,10:37,NA,NA,NA,NA,NA,NA,NA,NA,NA,NA,NA,Y,NA
355,23,B4_California,mel_GFP,A7_Taiwan,yak_S09_L38,CT,treatment,7-Feb,2-Feb,4-Feb,9-Feb,11-Feb,10:37,17,3,0,2,0,3,0,8,0,8,0,N,N
356,23,A5_Greece,mel_GFP,B4_California,yak_S09_L38,GC,treatment,7-Feb,2-Feb,4-Feb,9-Feb,11-Feb,10:37,3,0,9,0,0,0,0,0,9,9,1,N,Y
357,23,B4_California,mel_GFP,B4_California,B4_California,CC,control,7-Feb,2-Feb,4-Feb,9-Feb,11-Feb,10:37,32,1,21,0,11,0,10,1,42,43,0.976744186,N,Y
358,23,B4_California,mel_GFP,B4_California,yak_S09_L38,CC,treatment,7-Feb,2-Feb,4-Feb,9-Feb,11-Feb,10:37,10,0,0,0,0,0,0,0,0,0,0,N,N
359,23,B4_California,mel_GFP,A7_Taiwan,yak_S09_L38,CT,treatment,7-Feb,2-Feb,4-Feb,9-Feb,11-Feb,10:37,19,0,0,0,2,0,0,0,2,2,1,N,Y
360,23,B4_California,mel_GFP,A7_Taiwan,yak_S09_L38,CT,treatment,7-Feb,2-Feb,4-Feb,9-Feb,11-Feb,10:37,0,0,4,0,16,0,0,0,20,20,1,N,N
361,23,B4_California,mel_GFP,B4_California,yak_S09_L38,CC,treatment,7-Feb,2-Feb,4-Feb,9-Feb,11-Feb,10:37,27,15,15,10,14,4,9,29,38,67,0.567164179,N,Y
362,23,A5_Greece,mel_GFP,B4_California,yak_S09_L38,GC,treatment,7-Feb,2-Feb,4-Feb,9-Feb,11-Feb,10:37,51,44,0,18,0,22,0,84,0,84,0,N,N
363,23,B4_California,mel_GFP,A7_Taiwan,yak_S09_L38,CT,treatment,7-Feb,2-Feb,4-Feb,9-Feb,11-Feb,10:37,33,7,7,11,13,4,9,22,29,51,0.568627451,N,Y
364,23,A5_Greece,mel_GFP,B4_California,B4_California,GC,control,7-Feb,2-Feb,4-Feb,9-Feb,11-Feb,10:37,38,2,42,2,14,0,2,4,58,62,0.935483871,N,Y
365,23,A5_Greece,mel_GFP,A7_Taiwan,A7_Taiwan,GT,control,7-Feb,2-Feb,4-Feb,9-Feb,11-Feb,10:37,35,21,42,4,51,0,50,25,143,168,0.851190476,N,Y
366,23,A5_Greece,mel_GFP,B4_California,B4_California,GC,control,7-Feb,2-Feb,4-Feb,9-Feb,11-Feb,10:37,23,2,2,0,0,0,0,2,2,4,0.5,N,Y
367,23,A5_Greece,mel_GFP,A7_Taiwan,A7_Taiwan,GT,control,7-Feb,2-Feb,4-Feb,9-Feb,11-Feb,10:37,20,13,0,33,0,39,0,85,0,85,0,N,N
368,23,B4_California,mel_GFP,B4_California,B4_California,CC,control,7-Feb,2-Feb,4-Feb,9-Feb,11-Feb,10:37,NA,NA,NA,NA,NA,NA,NA,NA,NA,NA,NA,Y,NA
369,24,A5_Greece,mel_GFP,A5_Greece,A5_Greece,GG,control,14-Feb,9-Feb,11-Feb,16-Feb,18-Feb,10:58,0,0,41,0,10,0,2,0,53,53,1,N,N
370,24,A5_Greece,mel_GFP,B4_California,B4_California,GC,control,14-Feb,9-Feb,11-Feb,16-Feb,18-Feb,10:58,8,48,0,37,0,15,0,100,0,100,0,N,N
371,24,B4_California,mel_GFP,A5_Greece,A5_Greece,CG,control,14-Feb,9-Feb,11-Feb,16-Feb,18-Feb,10:58,15,5,14,3,25,1,7,9,46,55,0.836363636,N,Y
372,24,B7_Malaysia,mel_GFP,A5_Greece,yak_S09_L38,MG,treatment,14-Feb,9-Feb,11-Feb,16-Feb,18-Feb,10:58,NA,NA,NA,NA,NA,NA,NA,NA,NA,NA,NA,Y,NA
373,24,A5_Greece,mel_GFP,B4_California,B4_California,GC,control,14-Feb,9-Feb,11-Feb,16-Feb,18-Feb,10:58,34,52,0,34,0,13,0,99,0,99,0,N,N
374,24,A5_Greece,mel_GFP,B4_California,yak_S09_L38,GC,treatment,14-Feb,9-Feb,11-Feb,16-Feb,18-Feb,10:58,17,0,5,0,0,0,0,0,5,5,1,N,Y
375,24,B4_California,mel_GFP,B4_California,B4_California,CC,control,14-Feb,9-Feb,11-Feb,16-Feb,18-Feb,10:58,6,1,0,1,0,0,0,2,0,2,0,N,N
376,24,A5_Greece,mel_GFP,B4_California,yak_S09_L38,GC,treatment,14-Feb,9-Feb,11-Feb,16-Feb,18-Feb,10:58,1,4,29,0,19,0,14,4,62,66,0.939393939,N,Y
377,24,B4_California,mel_GFP,B4_California,yak_S09_L38,CC,treatment,14-Feb,9-Feb,11-Feb,16-Feb,18-Feb,10:58,5,0,0,0,0,0,0,0,0,0,0,N,N
378,24,A7_Taiwan,mel_GFP,A5_Greece,yak_S09_L38,TG,treatment,14-Feb,9-Feb,11-Feb,16-Feb,18-Feb,10:58,14,3,0,48,0,3,0,54,0,54,0,N,N
379,24,B4_California,mel_GFP,B4_California,yak_S09_L38,CC,treatment,14-Feb,9-Feb,11-Feb,16-Feb,18-Feb,10:58,NA,NA,NA,NA,NA,NA,NA,NA,NA,NA,NA,Y,NA
380,24,B4_California,mel_GFP,A5_Greece,yak_S09_L38,CG,treatment,14-Feb,9-Feb,11-Feb,16-Feb,18-Feb,10:58,19,2,10,0,5,0,0,2,15,17,0.882352941,N,Y
381,24,A5_Greece,mel_GFP,A5_Greece,A5_Greece,GG,control,14-Feb,9-Feb,11-Feb,16-Feb,18-Feb,10:58,26,0,17,0,0,0,0,0,17,17,1,N,Y
382,24,A5_Greece,mel_GFP,A5_Greece,yak_S09_L38,GG,treatment,14-Feb,9-Feb,11-Feb,16-Feb,18-Feb,10:58,22,2,0,0,0,0,0,2,0,2,0,N,N
383,24,B4_California,mel_GFP,B4_California,B4_California,CC,control,14-Feb,9-Feb,11-Feb,16-Feb,18-Feb,10:58,5,0,0,0,0,0,0,0,0,0,0,N,N
384,24,A7_Taiwan,mel_GFP,A5_Greece,A5_Greece,TG,control,14-Feb,9-Feb,11-Feb,16-Feb,18-Feb,10:58,19,7,33,16,28,19,20,42,81,123,0.658536585,N,Y
385,25,A5_Greece,mel_GFP,B4_California,B4_California,GC,control,21-Feb,16-Feb,18-Feb,23-Feb,25-Feb,11:09,0,0,24,0,4,0,0,0,28,28,1,N,N
386,25,A5_Greece,mel_GFP,A5_Greece,A5_Greece,GG,control,21-Feb,16-Feb,18-Feb,23-Feb,25-Feb,11:09,0,0,0,0,0,0,0,0,0,0,0,N,N
387,25,B4_California,mel_GFP,A5_Greece,yak_S09_L38,CG,treatment,21-Feb,16-Feb,18-Feb,23-Feb,25-Feb,11:09,15,18,3,13,4,0,0,31,7,38,0.184210526,N,Y
388,25,A5_Greece,mel_GFP,A5_Greece,yak_S09_L38,GG,treatment,21-Feb,16-Feb,18-Feb,23-Feb,25-Feb,11:09,35,45,0,37,0,2,0,84,0,84,0,N,N
389,25,B4_California,mel_GFP,B4_California,B4_California,CC,control,21-Feb,16-Feb,18-Feb,23-Feb,25-Feb,11:09,30,0,0,0,0,0,0,0,0,0,0,N,N
390,25,B4_California,mel_GFP,A5_Greece,A5_Greece,CG,control,21-Feb,16-Feb,18-Feb,23-Feb,25-Feb,11:09,16,0,0,0,0,0,0,0,0,0,0,N,N
391,25,A5_Greece,mel_GFP,B4_California,B4_California,GC,control,21-Feb,16-Feb,18-Feb,23-Feb,25-Feb,11:09,0,0,5,0,0,0,0,0,5,5,1,N,N
392,25,A5_Greece,mel_GFP,B4_California,B4_California,GC,control,21-Feb,16-Feb,18-Feb,23-Feb,25-Feb,11:09,15,0,19,0,4,0,0,0,23,23,1,N,Y
393,25,B4_California,mel_GFP,B4_California,B4_California,CC,control,21-Feb,16-Feb,18-Feb,23-Feb,25-Feb,11:09,27,10,17,11,8,0,0,21,25,46,0.543478261,N,Y
394,25,A5_Greece,mel_GFP,B4_California,B4_California,GC,control,21-Feb,16-Feb,18-Feb,23-Feb,25-Feb,11:09,5,4,0,0,0,0,0,4,0,4,0,N,N
395,25,A5_Greece,mel_GFP,A5_Greece,A5_Greece,GG,control,21-Feb,16-Feb,18-Feb,23-Feb,25-Feb,11:09,3,19,0,20,0,13,0,52,0,52,0,N,N
396,25,B4_California,mel_GFP,B4_California,B4_California,CC,control,21-Feb,16-Feb,18-Feb,23-Feb,25-Feb,11:09,36,3,11,1,2,0,0,4,13,17,0.764705882,N,Y
397,25,A7_Taiwan,mel_GFP,A5_Greece,A5_Greece,TG,control,21-Feb,16-Feb,18-Feb,23-Feb,25-Feb,11:09,13,27,0,17,0,16,0,60,0,60,0,N,N
398,25,B7_Malaysia,mel_GFP,A5_Greece,yak_S09_L38,MG,treatment,21-Feb,16-Feb,18-Feb,23-Feb,25-Feb,11:09,35,24,11,31,13,22,19,77,43,120,0.358333333,N,Y
399,25,B4_California,mel_GFP,B4_California,B4_California,CC,control,21-Feb,16-Feb,18-Feb,23-Feb,25-Feb,11:09,21,7,27,2,24,4,13,13,64,77,0.831168831,N,Y
400,25,A7_Taiwan,mel_GFP,A5_Greece,A5_Greece,TG,control,21-Feb,16-Feb,18-Feb,23-Feb,25-Feb,11:09,13,5,0,45,0,16,0,66,0,66,0,N,N
401,26,A5_Greece,mel_GFP,A5_Greece,A5_Greece,GG,control,28-Feb,23-Feb,25-Feb,2-Mar,4-Mar,10:12,13,16,0,25,0,28,0,69,0,69,0,N,N
402,26,B4_California,mel_GFP,B7_Malaysia,yak_S09_L38,CM,treatment,28-Feb,23-Feb,25-Feb,2-Mar,4-Mar,10:12,20,3,7,5,7,4,7,12,21,33,0.636363636,N,Y
403,26,A5_Greece,mel_GFP,A5_Greece,yak_S09_L38,GG,treatment,28-Feb,23-Feb,25-Feb,2-Mar,4-Mar,10:12,0,2,0,1,0,0,0,3,0,3,0,N,N
404,26,B4_California,mel_GFP,A5_Greece,A5_Greece,CG,control,28-Feb,23-Feb,25-Feb,2-Mar,4-Mar,10:12,22,14,0,20,1,9,1,43,2,45,0.044444444,N,Y
405,26,A5_Greece,mel_GFP,A5_Greece,A5_Greece,GG,control,28-Feb,23-Feb,25-Feb,2-Mar,4-Mar,10:12,1,0,4,0,0,0,0,0,4,4,1,N,Y
406,26,B4_California,mel_GFP,B7_Malaysia,B7_Malaysia,CM,control,28-Feb,23-Feb,25-Feb,2-Mar,4-Mar,10:12,24,0,0,0,0,0,0,0,0,0,0,N,N
407,26,A7_Taiwan,mel_GFP,A5_Greece,A5_Greece,TG,control,28-Feb,23-Feb,25-Feb,2-Mar,4-Mar,10:12,31,54,0,44,0,35,0,133,0,133,0,N,N
408,26,A5_Greece,mel_GFP,A5_Greece,A5_Greece,GG,control,28-Feb,23-Feb,25-Feb,2-Mar,4-Mar,10:12,30,9,42,3,12,0,0,12,54,66,0.818181818,N,Y
409,26,B4_California,mel_GFP,B7_Malaysia,B7_Malaysia,CM,control,28-Feb,23-Feb,25-Feb,2-Mar,4-Mar,10:12,16,0,0,0,0,0,0,0,0,0,0,N,N
410,26,A5_Greece,mel_GFP,A5_Greece,A5_Greece,GG,control,28-Feb,23-Feb,25-Feb,2-Mar,4-Mar,10:12,4,0,4,0,0,0,0,0,4,4,1,N,Y
411,26,B4_California,mel_GFP,B7_Malaysia,yak_S09_L38,CM,treatment,28-Feb,23-Feb,25-Feb,2-Mar,4-Mar,10:12,1,0,0,0,0,0,0,0,0,0,0,N,N
412,26,B7_Malaysia,mel_GFP,B7_Malaysia,B7_Malaysia,MM,control,28-Feb,23-Feb,25-Feb,2-Mar,4-Mar,10:12,41,60,15,38,21,38,21,136,57,193,0.295336788,N,Y
413,26,A5_Greece,mel_GFP,B7_Malaysia,yak_S09_L38,GM,treatment,28-Feb,23-Feb,25-Feb,2-Mar,4-Mar,10:12,0,0,4,0,1,0,0,0,5,5,1,N,N
414,26,B4_California,mel_GFP,A5_Greece,yak_S09_L38,CG,treatment,28-Feb,23-Feb,25-Feb,2-Mar,4-Mar,10:12,10,0,0,0,0,0,0,0,0,0,0,N,N
415,26,B7_Malaysia,mel_GFP,B7_Malaysia,B7_Malaysia,MM,control,28-Feb,23-Feb,25-Feb,2-Mar,4-Mar,10:12,44,16,42,16,35,15,15,47,92,139,0.661870504,N,Y
416,26,A5_Greece,mel_GFP,B7_Malaysia,yak_S09_L38,GM,treatment,28-Feb,23-Feb,25-Feb,2-Mar,4-Mar,10:12,4,0,0,0,0,0,0,0,0,0,0,N,N
417,27,A5_Greece,mel_GFP,B4_California,B4_California,GC,control,7-Mar,2-Mar,4-Mar,9-Mar,11-Mar,9:54,NA,NA,NA,NA,NA,NA,NA,NA,NA,NA,NA,Y,NA
418,27,A5_Greece,mel_GFP,B4_California,B4_California,GC,control,7-Mar,2-Mar,4-Mar,9-Mar,11-Mar,9:54,17,0,0,0,0,0,0,0,0,0,0,N,N
419,27,B4_California,mel_GFP,B4_California,B4_California,CC,control,7-Mar,2-Mar,4-Mar,9-Mar,11-Mar,9:54,40,0,25,0,23,0,5,0,53,53,1,N,Y
420,27,B4_California,mel_GFP,A7_Taiwan,yak_S09_L38,CT,treatment,7-Mar,2-Mar,4-Mar,9-Mar,11-Mar,9:54,26,0,0,0,0,0,0,0,0,0,0,N,N
421,27,B4_California,mel_GFP,A7_Taiwan,yak_S09_L38,CT,treatment,7-Mar,2-Mar,4-Mar,9-Mar,11-Mar,9:54,0,0,0,0,0,0,0,0,0,0,0,N,N
422,27,A5_Greece,mel_GFP,B4_California,B4_California,GC,control,7-Mar,2-Mar,4-Mar,9-Mar,11-Mar,9:54,53,42,0,0,0,0,0,42,0,42,0,N,N
423,27,B4_California,mel_GFP,A7_Taiwan,yak_S09_L38,CT,treatment,7-Mar,2-Mar,4-Mar,9-Mar,11-Mar,9:54,NA,NA,NA,NA,NA,NA,NA,NA,NA,NA,NA,Y,NA
424,27,B4_California,mel_GFP,A7_Taiwan,yak_S09_L38,CT,treatment,7-Mar,2-Mar,4-Mar,9-Mar,11-Mar,9:54,33,5,15,0,14,0,2,5,31,36,0.861111111,N,Y
425,27,B4_California,mel_GFP,A7_Taiwan,yak_S09_L38,CT,treatment,7-Mar,2-Mar,4-Mar,9-Mar,11-Mar,9:54,NA,NA,NA,NA,NA,NA,NA,NA,NA,NA,NA,Y,NA
426,27,B4_California,mel_GFP,A7_Taiwan,yak_S09_L38,CT,treatment,7-Mar,2-Mar,4-Mar,9-Mar,11-Mar,9:54,21,4,0,8,3,7,1,19,4,23,0.173913043,N,Y
427,27,B4_California,mel_GFP,A7_Taiwan,yak_S09_L38,CT,treatment,7-Mar,2-Mar,4-Mar,9-Mar,11-Mar,9:54,5,8,12,2,11,2,2,12,25,37,0.675675676,N,Y
428,27,A5_Greece,mel_GFP,B4_California,B4_California,GC,control,7-Mar,2-Mar,4-Mar,9-Mar,11-Mar,9:54,3,0,0,0,0,0,0,0,0,0,0,N,N
429,27,B4_California,mel_GFP,B4_California,B4_California,CC,control,7-Mar,2-Mar,4-Mar,9-Mar,11-Mar,9:54,NA,NA,NA,NA,NA,NA,NA,NA,NA,NA,NA,Y,NA
430,27,B4_California,mel_GFP,B4_California,B4_California,CC,control,7-Mar,2-Mar,4-Mar,9-Mar,11-Mar,9:54,34,19,6,6,2,5,5,30,13,43,0.302325581,N,Y
431,27,B4_California,mel_GFP,A7_Taiwan,yak_S09_L38,CT,treatment,7-Mar,2-Mar,4-Mar,9-Mar,11-Mar,9:54,2,9,0,14,0,14,0,37,0,37,0,N,N
432,27,B4_California,mel_GFP,B4_California,B4_California,CC,control,7-Mar,2-Mar,4-Mar,9-Mar,11-Mar,9:54,3,0,0,0,0,0,0,0,0,0,0,N,N
433,28,A5_Greece,mel_GFP,A5_Greece,A5_Greece,GG,control,14-Mar,9-Mar,11-Mar,16-Mar,18-Mar,10:05,0,26,0,34,0,11,0,71,0,71,0,N,N
434,28,A5_Greece,mel_GFP,A5_Greece,A5_Greece,GG,control,14-Mar,9-Mar,11-Mar,16-Mar,18-Mar,10:05,0,0,0,0,0,0,0,0,0,0,0,N,N
435,28,B4_California,mel_GFP,B7_Malaysia,B7_Malaysia,CM,control,14-Mar,9-Mar,11-Mar,16-Mar,18-Mar,10:05,32,2,11,5,7,6,6,13,24,37,0.648648649,N,Y
436,28,A5_Greece,mel_GFP,A5_Greece,A5_Greece,GG,control,14-Mar,9-Mar,11-Mar,16-Mar,18-Mar,10:05,31,45,0,63,0,32,0,140,0,140,0,N,N
437,28,B4_California,mel_GFP,B7_Malaysia,yak_S09_L38,CM,treatment,14-Mar,9-Mar,11-Mar,16-Mar,18-Mar,10:05,28,0,0,0,0,0,0,0,0,0,0,N,N
438,28,B7_Malaysia,mel_GFP,B7_Malaysia,B7_Malaysia,MM,control,14-Mar,9-Mar,11-Mar,16-Mar,18-Mar,10:05,49,39,12,44,10,50,7,133,29,162,0.179012346,N,Y
439,28,B7_Malaysia,mel_GFP,B7_Malaysia,B7_Malaysia,MM,control,14-Mar,9-Mar,11-Mar,16-Mar,18-Mar,10:05,41,26,16,41,12,25,5,92,33,125,0.264,N,Y
440,28,A5_Greece,mel_GFP,A5_Greece,A5_Greece,GG,control,14-Mar,9-Mar,11-Mar,16-Mar,18-Mar,10:05,22,14,20,2,9,0,0,16,29,45,0.644444444,N,Y
441,28,B4_California,mel_GFP,B7_Malaysia,yak_S09_L38,CM,treatment,14-Mar,9-Mar,11-Mar,16-Mar,18-Mar,10:05,6,0,0,0,0,0,0,0,0,0,0,N,N
442,28,B4_California,mel_GFP,B7_Malaysia,B7_Malaysia,CM,control,14-Mar,9-Mar,11-Mar,16-Mar,18-Mar,10:05,4,2,0,3,0,3,0,8,0,8,0,N,N
443,28,A5_Greece,mel_GFP,A5_Greece,A5_Greece,GG,control,14-Mar,9-Mar,11-Mar,16-Mar,18-Mar,10:05,5,0,0,0,0,0,0,0,0,0,0,N,N
444,28,B4_California,mel_GFP,B7_Malaysia,B7_Malaysia,CM,control,14-Mar,9-Mar,11-Mar,16-Mar,18-Mar,10:05,28,4,1,16,0,6,0,26,1,27,0.037037037,N,Y
445,28,B4_California,mel_GFP,B7_Malaysia,B7_Malaysia,CM,control,14-Mar,9-Mar,11-Mar,16-Mar,18-Mar,10:05,25,2,1,8,7,7,7,17,15,32,0.46875,N,Y
446,28,A5_Greece,mel_GFP,A5_Greece,A5_Greece,GG,control,14-Mar,9-Mar,11-Mar,16-Mar,18-Mar,10:05,NA,NA,NA,NA,NA,NA,NA,NA,NA,NA,NA,Y,NA
447,28,A5_Greece,mel_GFP,B7_Malaysia,yak_S09_L38,GM,treatment,14-Mar,9-Mar,11-Mar,16-Mar,18-Mar,10:05,0,0,0,0,0,0,0,0,0,0,0,N,N
448,28,A5_Greece,mel_GFP,B7_Malaysia,yak_S09_L38,GM,treatment,14-Mar,9-Mar,11-Mar,16-Mar,18-Mar,10:05,37,0,0,0,0,0,0,0,0,0,0,N,N
449,29,A5_Greece,mel_GFP,A5_Greece,A5_Greece,GG,control,16-May,11-May,13-May,18-May,20-May,11:06,0,0,0,0,0,0,0,0,0,0,0,N,N
450,29,A5_Greece,mel_GFP,B7_Malaysia,yak_S09_L38,GM,treatment,16-May,11-May,13-May,18-May,20-May,11:06,3,0,4,0,16,0,0,0,20,20,1,N,Y
451,29,B7_Malaysia,mel_GFP,A7_Taiwan,A7_Taiwan,MT,control,16-May,11-May,13-May,18-May,20-May,11:06,NA,NA,NA,NA,NA,NA,NA,NA,NA,NA,NA,Y,NA
452,29,A5_Greece,mel_GFP,A5_Greece,yak_S09_L38,GG,treatment,16-May,11-May,13-May,18-May,20-May,11:06,0,0,0,0,0,0,0,0,0,0,0,N,N
453,29,A5_Greece,mel_GFP,B7_Malaysia,yak_S09_L38,GM,treatment,16-May,11-May,13-May,18-May,20-May,11:06,1,0,11,2,32,7,13,9,56,65,0.861538462,N,Y
454,29,A5_Greece,mel_GFP,A5_Greece,A5_Greece,GG,control,16-May,11-May,13-May,18-May,20-May,11:06,18,0,0,0,0,0,0,0,0,0,0,N,N
455,29,A5_Greece,mel_GFP,A5_Greece,yak_S09_L38,GG,treatment,16-May,11-May,13-May,18-May,20-May,11:06,51,25,18,12,15,0,0,37,33,70,0.471428571,N,Y
456,29,A5_Greece,mel_GFP,B7_Malaysia,yak_S09_L38,GM,treatment,16-May,11-May,13-May,18-May,20-May,11:06,13,0,6,0,0,0,0,0,6,6,1,N,Y
457,29,A5_Greece,mel_GFP,A5_Greece,yak_S09_L38,GG,treatment,16-May,11-May,13-May,18-May,20-May,11:06,17,27,0,3,0,5,0,35,0,35,0,N,N
458,29,A5_Greece,mel_GFP,A5_Greece,yak_S09_L38,GG,treatment,16-May,11-May,13-May,18-May,20-May,11:06,NA,NA,NA,NA,NA,NA,NA,NA,NA,NA,NA,Y,NA
459,29,A5_Greece,mel_GFP,B7_Malaysia,yak_S09_L38,GM,treatment,16-May,11-May,13-May,18-May,20-May,11:06,49,51,0,37,0,13,0,101,0,101,0,N,N
460,29,A5_Greece,mel_GFP,A5_Greece,A5_Greece,GG,control,16-May,11-May,13-May,18-May,20-May,11:06,0,0,0,0,0,0,0,0,0,0,0,N,N
461,29,B7_Malaysia,mel_GFP,A7_Taiwan,A7_Taiwan,MT,control,16-May,11-May,13-May,18-May,20-May,11:06,NA,NA,NA,NA,NA,NA,NA,NA,NA,NA,NA,Y,NA
462,29,B4_California,mel_GFP,A7_Taiwan,A7_Taiwan,CT,control,16-May,11-May,13-May,18-May,20-May,11:06,NA,NA,NA,NA,NA,NA,NA,NA,NA,NA,NA,Y,NA
463,29,A5_Greece,mel_GFP,A5_Greece,A5_Greece,GG,control,16-May,11-May,13-May,18-May,20-May,11:06,0,0,0,0,0,0,0,0,0,0,0,N,N
464,29,A5_Greece,mel_GFP,A5_Greece,A5_Greece,GG,control,16-May,11-May,13-May,18-May,20-May,11:06,19,14,0,4,0,0,0,18,0,18,0,N,N
465,30,A7_Taiwan,mel_GFP,A7_Taiwan,yak_S09_L38,TT,treatment,23-May,18-May,20-May,25-May,27-May,10:49,NA,NA,NA,NA,NA,NA,NA,NA,NA,NA,NA,Y,NA
466,30,A5_Greece,mel_GFP,A5_Greece,yak_S09_L38,GG,treatment,23-May,18-May,20-May,25-May,27-May,10:49,NA,NA,NA,NA,NA,NA,NA,NA,NA,NA,NA,Y,NA
467,30,A5_Greece,mel_GFP,A7_Taiwan,yak_S09_L38,GT,treatment,23-May,18-May,20-May,25-May,27-May,10:49,NA,NA,NA,NA,NA,NA,NA,NA,NA,NA,NA,Y,NA
468,30,A5_Greece,mel_GFP,A5_Greece,A5_Greece,GG,control,23-May,18-May,20-May,25-May,27-May,10:49,0,1,8,0,2,0,0,1,10,11,0.909090909,N,Y
469,30,A5_Greece,mel_GFP,A5_Greece,A5_Greece,GG,control,23-May,18-May,20-May,25-May,27-May,10:49,NA,NA,NA,NA,NA,NA,NA,NA,NA,NA,NA,Y,NA
470,30,A5_Greece,mel_GFP,A5_Greece,yak_S09_L38,GG,treatment,23-May,18-May,20-May,25-May,27-May,10:49,NA,NA,NA,NA,NA,NA,NA,NA,NA,NA,NA,Y,NA
471,30,A5_Greece,mel_GFP,A5_Greece,yak_S09_L38,GG,treatment,23-May,18-May,20-May,25-May,27-May,10:49,NA,NA,NA,NA,NA,NA,NA,NA,NA,NA,NA,Y,NA
472,30,A5_Greece,mel_GFP,A5_Greece,yak_S09_L38,GG,treatment,23-May,18-May,20-May,25-May,27-May,10:49,NA,NA,NA,NA,NA,NA,NA,NA,NA,NA,NA,Y,NA
473,30,A5_Greece,mel_GFP,A5_Greece,A5_Greece,GG,control,23-May,18-May,20-May,25-May,27-May,10:49,NA,NA,NA,NA,NA,NA,NA,NA,NA,NA,NA,Y,NA
474,30,A5_Greece,mel_GFP,A5_Greece,A5_Greece,GG,control,23-May,18-May,20-May,25-May,27-May,10:49,NA,NA,NA,NA,NA,NA,NA,NA,NA,NA,NA,Y,NA
475,30,A5_Greece,mel_GFP,A5_Greece,yak_S09_L38,GG,treatment,23-May,18-May,20-May,25-May,27-May,10:49,NA,NA,NA,NA,NA,NA,NA,NA,NA,NA,NA,Y,NA
476,30,B7_Malaysia,mel_GFP,A7_Taiwan,yak_S09_L38,MT,treatment,23-May,18-May,20-May,25-May,27-May,10:49,NA,NA,NA,NA,NA,NA,NA,NA,NA,NA,NA,Y,NA
477,30,A5_Greece,mel_GFP,A5_Greece,A5_Greece,GG,control,23-May,18-May,20-May,25-May,27-May,10:49,NA,NA,NA,NA,NA,NA,NA,NA,NA,NA,NA,Y,NA
478,30,B7_Malaysia,mel_GFP,A7_Taiwan,yak_S09_L38,MT,treatment,23-May,18-May,20-May,25-May,27-May,10:49,NA,NA,NA,NA,NA,NA,NA,NA,NA,NA,NA,Y,NA
479,30,B7_Malaysia,mel_GFP,A7_Taiwan,yak_S09_L38,MT,treatment,23-May,18-May,20-May,25-May,27-May,10:49,NA,NA,NA,NA,NA,NA,NA,NA,NA,NA,NA,Y,NA
480,30,A5_Greece,mel_GFP,A5_Greece,A5_Greece,GG,control,23-May,18-May,20-May,25-May,27-May,10:49,NA,NA,NA,NA,NA,NA,NA,NA,NA,NA,NA,Y,NA
481,31,A5_Greece,mel_GFP,B7_Malaysia,yak_S09_L38,GM,treatment,30-May,25-May,27-May,1-Jun,3-Jun,11:30,NA,NA,NA,NA,NA,NA,NA,NA,NA,NA,NA,Y,NA
482,31,A5_Greece,mel_GFP,B7_Malaysia,yak_S09_L38,GM,treatment,30-May,25-May,27-May,1-Jun,3-Jun,11:30,NA,NA,NA,NA,NA,NA,NA,NA,NA,NA,NA,Y,NA
483,31,A5_Greece,mel_GFP,B7_Malaysia,yak_S09_L38,GM,treatment,30-May,25-May,27-May,1-Jun,3-Jun,11:30,NA,NA,NA,NA,NA,NA,NA,NA,NA,NA,NA,Y,NA
484,31,B7_Malaysia,mel_GFP,B7_Malaysia,yak_S09_L38,MM,treatment,30-May,25-May,27-May,1-Jun,3-Jun,11:30,NA,NA,NA,NA,NA,NA,NA,NA,NA,NA,NA,Y,NA
485,31,A5_Greece,mel_GFP,B7_Malaysia,yak_S09_L38,GM,treatment,30-May,25-May,27-May,1-Jun,3-Jun,11:30,NA,NA,NA,NA,NA,NA,NA,NA,NA,NA,NA,Y,NA
486,31,A7_Taiwan,mel_GFP,B7_Malaysia,B7_Malaysia,TM,control,30-May,25-May,27-May,1-Jun,3-Jun,11:30,NA,NA,NA,NA,NA,NA,NA,NA,NA,NA,NA,Y,NA
487,31,A7_Taiwan,mel_GFP,B7_Malaysia,B7_Malaysia,TM,control,30-May,25-May,27-May,1-Jun,3-Jun,11:30,NA,NA,NA,NA,NA,NA,NA,NA,NA,NA,NA,Y,NA
488,31,B7_Malaysia,mel_GFP,B7_Malaysia,yak_S09_L38,MM,treatment,30-May,25-May,27-May,1-Jun,3-Jun,11:30,NA,NA,NA,NA,NA,NA,NA,NA,NA,NA,NA,Y,NA
489,31,A5_Greece,mel_GFP,B7_Malaysia,yak_S09_L38,GM,treatment,30-May,25-May,27-May,1-Jun,3-Jun,11:30,NA,NA,NA,NA,NA,NA,NA,NA,NA,NA,NA,Y,NA
490,31,B7_Malaysia,mel_GFP,B7_Malaysia,yak_S09_L38,MM,treatment,30-May,25-May,27-May,1-Jun,3-Jun,11:30,NA,NA,NA,NA,NA,NA,NA,NA,NA,NA,NA,Y,NA
491,31,A7_Taiwan,mel_GFP,B7_Malaysia,B7_Malaysia,TM,control,30-May,25-May,27-May,1-Jun,3-Jun,11:30,NA,NA,NA,NA,NA,NA,NA,NA,NA,NA,NA,Y,NA